-- phpMyAdmin SQL Dump
-- version 4.0.10.7
-- http://www.phpmyadmin.net
--
-- Host: localhost:3306
-- Generation Time: Jan 29, 2016 at 04:51 PM
-- Server version: 5.5.47-cll
-- PHP Version: 5.4.31

SET SQL_MODE = "NO_AUTO_VALUE_ON_ZERO";
SET time_zone = "+00:00";


/*!40101 SET @OLD_CHARACTER_SET_CLIENT=@@CHARACTER_SET_CLIENT */;
/*!40101 SET @OLD_CHARACTER_SET_RESULTS=@@CHARACTER_SET_RESULTS */;
/*!40101 SET @OLD_COLLATION_CONNECTION=@@COLLATION_CONNECTION */;
/*!40101 SET NAMES utf8 */;

--
-- Database: `dcadenac_admin`
--

-- --------------------------------------------------------

--
-- Table structure for table `asistencias`
--

CREATE TABLE IF NOT EXISTS `asistencias` (
  `id_asistencia` int(11) NOT NULL AUTO_INCREMENT,
  `id_trabajador` int(11) DEFAULT NULL,
  `hora_entrada` varchar(45) DEFAULT NULL,
  `hora_salida` varchar(45) DEFAULT NULL,
  `fecha` varchar(45) DEFAULT NULL,
  PRIMARY KEY (`id_asistencia`)
) ENGINE=InnoDB  DEFAULT CHARSET=latin1 AUTO_INCREMENT=1046 ;

--
-- Dumping data for table `asistencias`
--

INSERT INTO `asistencias` (`id_asistencia`, `id_trabajador`, `hora_entrada`, `hora_salida`, `fecha`) VALUES
(1, 59, '1447536538315', '1447536543245', '14-11-2015'),
(2, 59, '1447536584401', '1447536619300', '14-11-2015'),
(3, 46, '1447804962781', '1447804967976', '17-11-2015'),
(4, 50, '1447848849076', '1447893680826', '18-11-2015'),
(5, 46, '1447849136226', '1447849292959', '18-11-2015'),
(6, 54, '1447849214023', '1447890711095', '18-11-2015'),
(7, 41, '1447849418368', '1447935045538', '18-11-2015'),
(8, 44, '1447849437228', '1447886512394', '18-11-2015'),
(9, 32, '1447849532076', '1447886574139', '18-11-2015'),
(10, 30, '1447849685908', '1447886285273', '18-11-2015'),
(11, 52, '1447849693693', '1447893597958', '18-11-2015'),
(12, 38, '1447849836386', '1447974436721', '18-11-2015'),
(13, 28, '1447850805382', '1447936865390', '18-11-2015'),
(14, 37, '1447851081861', '1447934773848', '18-11-2015'),
(15, 31, '1447851310620', '1447886433364', '18-11-2015'),
(16, 34, '1447851578270', '1447934001235', '18-11-2015'),
(17, 45, '1447851890489', '1447933626335', '18-11-2015'),
(18, 33, '1447851933903', '1447886774849', '18-11-2015'),
(19, 39, '1447852149855', '1447972730234', '18-11-2015'),
(20, 35, '1447852301939', '1447934440085', '18-11-2015'),
(21, 55, '1447855530895', '1447941883326', '18-11-2015'),
(22, 9, '1447856546737', '1447944713155', '18-11-2015'),
(23, 24, '1447857332105', '1447884472332', '18-11-2015'),
(24, 60, '1447857430635', '1447941554088', '18-11-2015'),
(25, 27, '1447858300399', '1447884937696', '18-11-2015'),
(26, 23, '1447859123690', '1447884766735', '18-11-2015'),
(27, 25, '1447859243093', '1447884669828', '18-11-2015'),
(28, 26, '1447859328752', '1447884566915', '18-11-2015'),
(29, 4, '1447859791044', '1447880740165', '18-11-2015'),
(30, 47, '1447860435621', '1447884640921', '18-11-2015'),
(31, 30, '1447886310920', '1447886314976', '18-11-2015'),
(32, 30, '1447886337970', '1447934008193', '18-11-2015'),
(33, 31, '1447886446936', '1447934177359', '18-11-2015'),
(34, 40, '1447886543532', '1447886560801', '18-11-2015'),
(35, 32, '1447886585745', '1447886640470', '18-11-2015'),
(36, 32, '1447886746660', '1447886751090', '18-11-2015'),
(37, 32, '1447886752135', '1447886761526', '18-11-2015'),
(38, 33, '1447886780215', '1447886784677', '18-11-2015'),
(39, 33, '1447886789450', '1447886790870', '18-11-2015'),
(40, 33, '1447886804239', '1447886805097', '18-11-2015'),
(41, 33, '1447886815627', '1447886816844', '18-11-2015'),
(42, 33, '1447886821165', '1447886822117', '18-11-2015'),
(43, 33, '1447886829308', '1447886834519', '18-11-2015'),
(44, 33, '1447886839261', '1447886840338', '18-11-2015'),
(45, 33, '1447886850961', '1447886851851', '18-11-2015'),
(46, 33, '1447886856063', '1447886856983', '18-11-2015'),
(47, 33, '1447886861320', '1447886862287', '18-11-2015'),
(48, 33, '1447886863239', '1447934162727', '18-11-2015'),
(49, 59, '1447890165391', '1447890689427', '18-11-2015'),
(50, 5, '1447891206817', '1447891213900', '18-11-2015'),
(51, 36, '1447893627395', '1447893661045', '18-11-2015'),
(52, 12, '1447904671809', '1448080096136', '18-11-2015'),
(53, 57, '1447912291176', '1447967548241', '18-11-2015'),
(54, 19, '1447914186111', '1447965700106', '19-11-2015'),
(55, 18, '1447916507607', '1447973527552', '19-11-2015'),
(56, 22, '1447916751130', '1447973336155', '19-11-2015'),
(57, 11, '1447917063895', '1447965668376', '19-11-2015'),
(58, 16, '1447918007993', '1447973551295', '19-11-2015'),
(59, 29, '1447918133589', '1447977416248', '19-11-2015'),
(60, 21, '1447918879863', '1447918881252', '19-11-2015'),
(61, 21, '1447918889052', '1448005872533', '19-11-2015'),
(62, 15, '1447919420295', '1447969122301', '19-11-2015'),
(63, 54, '1447933490506', '1447977351134', '19-11-2015'),
(64, 52, '1447933948491', '1447993991231', '19-11-2015'),
(65, 36, '1447934092760', '1447987054211', '19-11-2015'),
(66, 30, '1447934101512', '1447974175936', '19-11-2015'),
(67, 42, '1447934153117', '1447974817362', '19-11-2015'),
(68, 31, '1447934186907', '1447974707366', '19-11-2015'),
(69, 50, '1447934216890', '1447973182604', '19-11-2015'),
(70, 43, '1447934339865', '1447974867235', '19-11-2015'),
(71, 44, '1447934347228', '1447974311687', '19-11-2015'),
(72, 14, '1447934367664', '1447966979371', '19-11-2015'),
(73, 40, '1447935029766', '1447973174554', '19-11-2015'),
(74, 32, '1447935055662', '1447974209585', '19-11-2015'),
(75, 49, '1447935240164', '1447993976489', '19-11-2015'),
(76, 28, '1447940402338', '1447966354293', '19-11-2015'),
(77, 24, '1447944204298', '1448030026430', '19-11-2015'),
(78, 27, '1447944771936', '1447978460608', '19-11-2015'),
(79, 46, '1447944799860', '1448288529070', '19-11-2015'),
(80, 4, '1447945003831', '1448031578711', '19-11-2015'),
(81, 23, '1447945013050', '1447981884783', '19-11-2015'),
(82, 25, '1447945444563', '1447978763857', '19-11-2015'),
(83, 47, '1447945819665', '1447978739037', '19-11-2015'),
(84, 26, '1447946037879', '1447981952097', '19-11-2015'),
(85, 5, '1447947584668', '1448035218088', '19-11-2015'),
(86, 20, '1447961745016', '1448033065830', '19-11-2015'),
(87, 59, '1447962123659', NULL, '19-11-2015'),
(88, 11, '1447965672307', '1447965683991', '19-11-2015'),
(89, 13, '1447968877395', '1448137094178', '19-11-2015'),
(90, 45, '1447973044200', '1447973134213', '19-11-2015'),
(91, 45, '1447973158985', '1447973165943', '19-11-2015'),
(92, 50, '1447973187596', '1447973204101', '19-11-2015'),
(93, 48, '1447974151132', '1448017395041', '19-11-2015'),
(94, 30, '1447974180491', '1447974190678', '19-11-2015'),
(95, 60, '1447974241034', '1448027969317', '19-11-2015'),
(96, 34, '1447974248538', '1447974267913', '19-11-2015'),
(97, 55, '1447974276649', '1448029332291', '19-11-2015'),
(98, 41, '1447974678912', '1447974700689', '19-11-2015'),
(99, 37, '1447974715197', '1447974731718', '19-11-2015'),
(100, 51, '1447974727849', NULL, '19-11-2015'),
(101, 35, '1447974749892', '1447975050473', '19-11-2015'),
(102, 33, '1447974841854', '1448020851648', '19-11-2015'),
(103, 47, '1447978754216', '1448063481026', '19-11-2015'),
(104, 25, '1447978789020', '1448031481008', '19-11-2015'),
(105, 19, '1447997309092', '1448049804155', '19-11-2015'),
(106, 57, '1447999446646', '1448085510809', '20-11-2015'),
(107, 11, '1448002461088', '1448049708292', '20-11-2015'),
(108, 18, '1448002473927', '1448089614037', '20-11-2015'),
(109, 15, '1448002587994', '1448087616119', '20-11-2015'),
(110, 16, '1448004213486', '1448091863244', '20-11-2015'),
(111, 22, '1448004882789', '1448260233506', '20-11-2015'),
(112, 29, '1448005536664', '1448091254884', '20-11-2015'),
(113, 48, '1448017409642', '1448063722905', '20-11-2015'),
(114, 54, '1448019875944', '1448063541523', '20-11-2015'),
(115, 52, '1448020050478', '1448069034683', '20-11-2015'),
(116, 31, '1448020193592', '1448063049763', '20-11-2015'),
(117, 40, '1448020396627', '1448063015397', '20-11-2015'),
(118, 42, '1448020401899', '1448063754635', '20-11-2015'),
(119, 35, '1448020424847', '1448063555906', '20-11-2015'),
(120, 50, '1448020595433', '1448063638290', '20-11-2015'),
(121, 44, '1448020725647', '1448062972075', '20-11-2015'),
(122, 30, '1448020732589', '1448062978393', '20-11-2015'),
(123, 36, '1448020818014', '1448068927043', '20-11-2015'),
(124, 34, '1448020836563', '1448063741593', '20-11-2015'),
(125, 45, '1448020844956', '1448063579556', '20-11-2015'),
(126, 38, '1448020897450', '1448063715744', '20-11-2015'),
(127, 37, '1448021034714', '1448063731641', '20-11-2015'),
(128, 43, '1448021068629', '1448063704200', '20-11-2015'),
(129, 14, '1448021116802', '1448114222176', '20-11-2015'),
(130, 41, '1448021860923', '1448113299809', '20-11-2015'),
(131, 28, '1448023218219', '1448059528354', '20-11-2015'),
(132, 49, '1448023226752', '1448068910600', '20-11-2015'),
(133, 32, '1448028797491', '1448063036535', '20-11-2015'),
(134, 27, '1448030664970', '1448063876658', '20-11-2015'),
(135, 23, '1448031021587', '1448063234811', '20-11-2015'),
(136, 4, '1448031588632', '1448031592470', '20-11-2015'),
(137, 60, '1448060772191', '1448115888977', '20-11-2015'),
(138, 55, '1448060783407', '1448115184121', '20-11-2015'),
(139, 33, '1448062993510', '1448278088040', '20-11-2015'),
(140, 40, '1448063018017', '1448106763366', '20-11-2015'),
(141, 31, '1448063060340', '1448106891505', '20-11-2015'),
(142, 24, '1448063356819', '1448111279839', '20-11-2015'),
(143, 26, '1448063470122', '1448107435166', '20-11-2015'),
(144, 20, '1448063600070', '1448119560677', '20-11-2015'),
(145, 25, '1448063618930', '1448193368526', '20-11-2015'),
(146, 12, '1448080103063', '1448253086906', '20-11-2015'),
(147, 57, '1448085531324', '1448137096424', '20-11-2015'),
(148, 11, '1448086677265', '1448258472785', '21-11-2015'),
(149, 15, '1448087637959', '1448138448931', '21-11-2015'),
(150, 18, '1448089644660', '1448135807441', '21-11-2015'),
(151, 19, '1448090712780', '1448259904639', '21-11-2015'),
(152, 16, '1448091871075', '1448260928410', '21-11-2015'),
(153, 21, '1448104146118', '1448264609174', '21-11-2015'),
(154, 54, '1448106297347', '1448138835671', '21-11-2015'),
(155, 40, '1448106794379', '1448134328761', '21-11-2015'),
(156, 32, '1448106802647', '1448134364438', '21-11-2015'),
(157, 52, '1448106836577', '1448134501407', '21-11-2015'),
(158, 30, '1448106908228', '1448134427447', '21-11-2015'),
(159, 34, '1448106918555', '1448134435684', '21-11-2015'),
(160, 38, '1448106961206', '1448134529019', '21-11-2015'),
(161, 36, '1448106969458', '1448134492218', '21-11-2015'),
(162, 37, '1448106982188', '1448134461268', '21-11-2015'),
(163, 42, '1448107009769', '1448107031734', '21-11-2015'),
(164, 42, '1448107039736', '1448134558347', '21-11-2015'),
(165, 44, '1448107293393', '1448134417619', '21-11-2015'),
(166, 35, '1448107395620', '1448134381084', '21-11-2015'),
(167, 49, '1448107451780', '1448134412939', '21-11-2015'),
(168, 43, '1448107484275', '1448134372847', '21-11-2015'),
(169, 50, '1448107735232', '1448134838586', '21-11-2015'),
(170, 27, '1448107773281', '1448134285846', '21-11-2015'),
(171, 45, '1448107826196', '1448134354891', '21-11-2015'),
(172, 28, '1448110423257', '1448134270542', '21-11-2015'),
(173, 55, '1448115206460', '1448141649277', '21-11-2015'),
(174, 9, '1448116173038', '1448288542642', '21-11-2015'),
(175, 4, '1448117592702', '1448291556380', '21-11-2015'),
(176, 5, '1448119360014', '1448553516157', '21-11-2015'),
(177, 61, '1448128395216', '1448128406201', '21-11-2015'),
(178, 61, '1448128414578', '1448128417417', '21-11-2015'),
(179, 61, '1448130557361', '1448130666292', '21-11-2015'),
(180, 61, '1448130670007', '1448130673049', '21-11-2015'),
(181, 62, '1448130704285', '1448130708513', '21-11-2015'),
(182, 62, '1448130824929', '1448130860747', '21-11-2015'),
(183, 61, '1448130852136', '1448130854928', '21-11-2015'),
(184, 61, '1448130863773', '1448130870793', '21-11-2015'),
(185, 62, '1448130866176', '1448130868547', '21-11-2015'),
(186, 61, '1448130877720', '1448130880902', '21-11-2015'),
(187, 61, '1448130891310', '1448130896568', '21-11-2015'),
(188, 62, '1448130894087', '1448130898736', '21-11-2015'),
(189, 61, '1448130915054', '1448131061264', '21-11-2015'),
(190, 62, '1448131026460', '1448131038238', '21-11-2015'),
(191, 61, '1448131064088', '1448131074072', '21-11-2015'),
(192, 61, '1448131078112', '1448131243454', '21-11-2015'),
(193, 61, '1448131256246', '1448131279162', '21-11-2015'),
(194, 61, '1448131283156', '1448131285699', '21-11-2015'),
(195, 61, '1448131288070', '1448131290426', '21-11-2015'),
(196, 61, '1448131293078', '1448131474853', '21-11-2015'),
(197, 62, '1448131304824', '1448131487411', '21-11-2015'),
(198, 61, '1448131482403', '1448131498331', '21-11-2015'),
(199, 62, '1448131492902', '1448131523697', '21-11-2015'),
(200, 61, '1448131516848', '1448131519329', '21-11-2015'),
(201, 61, '1448131526302', '1448131545147', '21-11-2015'),
(202, 61, '1448131550825', '1448131556550', '21-11-2015'),
(203, 61, '1448131561698', '1448131601427', '21-11-2015'),
(204, 61, '1448131605935', '1448131832356', '21-11-2015'),
(205, 62, '1448131610756', '1448131627105', '21-11-2015'),
(206, 62, '1448131762655', '1448131863556', '21-11-2015'),
(207, 61, '1448131835617', '1448131839361', '21-11-2015'),
(208, 61, '1448131843479', '1448131847925', '21-11-2015'),
(209, 61, '1448131853760', '1448131891215', '21-11-2015'),
(210, 62, '1448131874695', '1448134277952', '21-11-2015'),
(211, 61, '1448133926185', '1448134259076', '21-11-2015'),
(212, 24, '1448134311289', '1448289179247', '21-11-2015'),
(213, 26, '1448134319947', '1448291627141', '21-11-2015'),
(214, 48, '1448134337388', NULL, '21-11-2015'),
(215, 49, '1448134415310', '1448280585870', '21-11-2015'),
(216, 44, '1448134419959', '1448884578627', '21-11-2015'),
(217, 31, '1448134422018', '1448366259466', '21-11-2015'),
(218, 52, '1448134503591', '1448134511157', '21-11-2015'),
(219, 41, '1448134537022', '1448134549112', '21-11-2015'),
(220, 60, '1448141634067', '1448141661086', '21-11-2015'),
(221, 61, '1448154003885', '1448154501944', '21-11-2015'),
(222, 61, '1448154564550', '1448154646560', '21-11-2015'),
(223, 61, '1448155095440', '1448155111991', '21-11-2015'),
(224, 61, '1448155115267', '1448155128278', '21-11-2015'),
(225, 62, '1448155120369', '1448155135204', '21-11-2015'),
(226, 61, '1448155200267', '1448155206850', '21-11-2015'),
(227, 62, '1448155203013', '1448662517405', '21-11-2015'),
(228, 61, '1448155208676', '1448155210126', '21-11-2015'),
(229, 61, '1448155212451', '1448155237601', '21-11-2015'),
(230, 61, '1448155240503', '1448155242936', '21-11-2015'),
(231, 23, '1448192870819', '1448215738188', '22-11-2015'),
(232, 47, '1448193911828', '1448215838169', '22-11-2015'),
(233, 52, '1448194580773', '1448242148149', '22-11-2015'),
(234, 41, '1448195444640', '1448242165730', '22-11-2015'),
(235, 36, '1448198143944', '1448242155933', '22-11-2015'),
(236, 25, '1448215843348', '1448291191167', '22-11-2015'),
(237, 12, '1448253093427', '1448339505241', '22-11-2015'),
(238, 57, '1448257962133', '1448313083019', '22-11-2015'),
(239, 18, '1448259231386', '1448312318696', '23-11-2015'),
(240, 17, '1448259244895', '1448312398022', '23-11-2015'),
(241, 29, '1448260023452', '1448323437400', '23-11-2015'),
(242, 19, '1448260038693', '1448312351175', '23-11-2015'),
(243, 22, '1448260240729', '1448262906821', '23-11-2015'),
(244, 15, '1448260376215', '1448347622076', '23-11-2015'),
(245, 16, '1448260934509', '1448312336745', '23-11-2015'),
(246, 13, '1448262668702', '1448313033349', '23-11-2015'),
(247, 28, '1448277691815', '1448315433242', '23-11-2015'),
(248, 33, '1448278102111', '1448328874228', '23-11-2015'),
(249, 54, '1448279150808', '1448326030437', '23-11-2015'),
(250, 39, '1448279649182', '1448407869427', '23-11-2015'),
(251, 42, '1448279708041', '1448452150994', '23-11-2015'),
(252, 45, '1448279786509', '1448324012121', '23-11-2015'),
(253, 40, '1448279900951', '1448323492188', '23-11-2015'),
(254, 32, '1448279908142', '1448323549018', '23-11-2015'),
(255, 14, '1448280103361', '1448312502215', '23-11-2015'),
(256, 43, '1448280130630', '1448366410380', '23-11-2015'),
(257, 34, '1448280158211', '1448365461525', '23-11-2015'),
(258, 30, '1448280164404', '1448329163718', '23-11-2015'),
(259, 36, '1448280170379', '1448365585701', '23-11-2015'),
(260, 52, '1448280218489', '1448329116403', '23-11-2015'),
(261, 38, '1448280230376', '1448329207024', '23-11-2015'),
(262, 37, '1448280276740', '1448329181159', '23-11-2015'),
(263, 50, '1448280547462', '1448323930735', '23-11-2015'),
(264, 49, '1448280599473', '1448329106341', '23-11-2015'),
(265, 41, '1448281231586', '1448329188850', '23-11-2015'),
(266, 55, '1448287561347', '1448319480762', '23-11-2015'),
(267, 60, '1448288037507', '1448319419111', '23-11-2015'),
(268, 46, '1448288538180', '1448323362380', '23-11-2015'),
(269, 23, '1448290317628', '1448320420508', '23-11-2015'),
(270, 27, '1448290477544', '1448326012122', '23-11-2015'),
(271, 20, '1448292107575', '1448321918454', '23-11-2015'),
(272, 47, '1448292199974', '1448327020508', '23-11-2015'),
(273, 11, '1448311904266', '1448311915357', '23-11-2015'),
(274, 21, '1448312202429', '1448312211415', '23-11-2015'),
(275, 4, '1448313046469', '1448377161623', '23-11-2015'),
(276, 26, '1448320522579', '1448406904378', '23-11-2015'),
(277, 25, '1448320712369', '1448369491292', '23-11-2015'),
(278, 24, '1448320721791', '1448366759602', '23-11-2015'),
(279, 40, '1448323544198', '1448365535812', '23-11-2015'),
(280, 35, '1448323874107', '1448452595470', '23-11-2015'),
(281, 57, '1448343923809', '1448397585654', '23-11-2015'),
(282, 11, '1448348470873', '1448396276048', '24-11-2015'),
(283, 18, '1448348898345', '1448396402736', '24-11-2015'),
(284, 22, '1448349056218', '1448523279401', '24-11-2015'),
(285, 29, '1448350412827', '1448401254126', '24-11-2015'),
(286, 30, '1448365386816', '1448407703052', '24-11-2015'),
(287, 54, '1448365468545', '1448410548669', '24-11-2015'),
(288, 38, '1448365478841', '1448407879691', '24-11-2015'),
(289, 32, '1448365552847', '1448407825934', '24-11-2015'),
(290, 37, '1448365559836', '1448407979516', '24-11-2015'),
(291, 33, '1448365614358', '1448407837618', '24-11-2015'),
(292, 27, '1448365696742', '1448407135164', '24-11-2015'),
(293, 41, '1448366000475', '1448366014873', '24-11-2015'),
(294, 41, '1448366025201', '1448452764917', '24-11-2015'),
(295, 45, '1448366397432', '1448494018356', '24-11-2015'),
(296, 23, '1448366434389', '1448406747831', '24-11-2015'),
(297, 49, '1448366661821', '1448453217677', '24-11-2015'),
(298, 14, '1448366768697', '1448453264430', '24-11-2015'),
(299, 52, '1448366844576', '1448452774761', '24-11-2015'),
(300, 28, '1448368644585', '1448401341907', '24-11-2015'),
(301, 47, '1448371096348', '1448407471938', '24-11-2015'),
(302, 55, '1448373882122', '1448406408593', '24-11-2015'),
(303, 60, '1448374137370', '1448406378610', '24-11-2015'),
(304, 4, '1448377163947', '1448399051885', '24-11-2015'),
(305, 46, '1448379082251', '1448548984286', '24-11-2015'),
(306, 20, '1448379317562', '1448408865442', '24-11-2015'),
(307, 12, '1448396299401', '1448487856108', '24-11-2015'),
(308, 17, '1448396394936', '1448866126150', '24-11-2015'),
(309, 15, '1448396943058', '1448487954404', '24-11-2015'),
(310, 13, '1448397561194', '1448487964029', '24-11-2015'),
(311, 24, '1448407143900', '1448462105059', '24-11-2015'),
(312, 25, '1448407226627', '1448463876957', '24-11-2015'),
(313, 40, '1448407812050', '1448452391328', '24-11-2015'),
(314, 34, '1448408023680', '1448408072399', '24-11-2015'),
(315, 50, '1448408056440', '1448408063756', '24-11-2015'),
(316, 31, '1448413783038', '1448452682986', '24-11-2015'),
(317, 32, '1448452406803', '1448493733718', '25-11-2015'),
(318, 40, '1448452413807', '1448493775791', '25-11-2015'),
(319, 43, '1448452515192', '1448493861529', '25-11-2015'),
(320, 37, '1448452710738', '1448493896769', '25-11-2015'),
(321, 52, '1448452789581', '1448539736918', '25-11-2015'),
(322, 50, '1448453155651', '1448494257894', '25-11-2015'),
(323, 49, '1448453233791', '1448542114222', '25-11-2015'),
(324, 14, '1448453274601', '1448485815671', '25-11-2015'),
(325, 28, '1448455172391', '1448487866108', '25-11-2015'),
(326, 9, '1448460931297', '1448633799882', '25-11-2015'),
(327, 24, '1448462140268', '1448498303720', '25-11-2015'),
(328, 4, '1448463225593', '1448485717563', '25-11-2015'),
(329, 27, '1448463260007', '1448498498468', '25-11-2015'),
(330, 23, '1448463946892', '1448498291521', '25-11-2015'),
(331, 47, '1448464612202', '1448498382859', '25-11-2015'),
(332, 20, '1448464989192', '1448464999207', '25-11-2015'),
(333, 26, '1448465260576', '1448465286441', '25-11-2015'),
(334, 26, '1448465287798', '1448498536781', '25-11-2015'),
(335, 11, '1448485311962', '1448485321307', '25-11-2015'),
(336, 18, '1448486428144', '1448486444087', '25-11-2015'),
(337, 57, '1448487897714', '1448517195937', '25-11-2015'),
(338, 19, '1448487908602', '1448487918462', '25-11-2015'),
(339, 16, '1448487927166', '1448487941674', '25-11-2015'),
(340, 30, '1448493455600', '1448493466317', '25-11-2015'),
(341, 39, '1448493763248', '1448538421178', '25-11-2015'),
(342, 38, '1448493832840', '1448493954879', '25-11-2015'),
(343, 33, '1448493866645', '1448493871513', '25-11-2015'),
(344, 34, '1448493923788', '1448493940044', '25-11-2015'),
(345, 35, '1448493980448', NULL, '25-11-2015'),
(346, 31, '1448494044673', '1448538864299', '25-11-2015'),
(347, 42, '1448494482722', '1448494514031', '25-11-2015'),
(348, 20, '1448495183881', '1448551400777', '25-11-2015'),
(349, 54, '1448495377383', '1448495382547', '25-11-2015'),
(350, 29, '1448495391096', '1448495402328', '25-11-2015'),
(351, 25, '1448498392438', '1448551709440', '25-11-2015'),
(352, 36, '1448504362240', '1448624936960', '25-11-2015'),
(353, 41, '1448504390804', '1448544079232', '25-11-2015'),
(354, 12, '1448508665355', '1448684094362', '25-11-2015'),
(355, 57, '1448517206950', '1448569587305', '25-11-2015'),
(356, 11, '1448517827987', '1448610407251', '26-11-2015'),
(357, 19, '1448519181212', '1448519205922', '26-11-2015'),
(358, 13, '1448519763997', '1448569735115', '26-11-2015'),
(359, 15, '1448520018902', '1448569516871', '26-11-2015'),
(360, 29, '1448520810650', '1448520817701', '26-11-2015'),
(361, 29, '1448520828325', '1448583467398', '26-11-2015'),
(362, 22, '1448523286328', '1448571735429', '26-11-2015'),
(363, 16, '1448523912450', '1448608828013', '26-11-2015'),
(364, 54, '1448538141735', '1448585597145', '26-11-2015'),
(365, 32, '1448538407325', '1448584860559', '26-11-2015'),
(366, 39, '1448538462440', '1448538467572', '26-11-2015'),
(367, 42, '1448538794767', '1448585231808', '26-11-2015'),
(368, 33, '1448538814753', '1448585590063', '26-11-2015'),
(369, 31, '1448538868589', '1448585893514', '26-11-2015'),
(370, 45, '1448539076990', '1448584738301', '26-11-2015'),
(371, 50, '1448539222320', '1448584996747', '26-11-2015'),
(372, 43, '1448539276374', '1448539281990', '26-11-2015'),
(373, 37, '1448539406540', '1448539418272', '26-11-2015'),
(374, 14, '1448539659604', '1448569238020', '26-11-2015'),
(375, 52, '1448539744234', '1448539750911', '26-11-2015'),
(376, 28, '1448541500267', '1448629489641', '26-11-2015'),
(377, 60, '1448546218542', '1448579435415', '26-11-2015'),
(378, 55, '1448546603473', '1448579428723', '26-11-2015'),
(379, 24, '1448548518048', '1448573112833', '26-11-2015'),
(380, 46, '1448549000401', '1448633815248', '26-11-2015'),
(381, 27, '1448549504953', '1448636218697', '26-11-2015'),
(382, 23, '1448549665664', '1448572737138', '26-11-2015'),
(383, 4, '1448549974108', '1448636124551', '26-11-2015'),
(384, 47, '1448551324478', '1448573434194', '26-11-2015'),
(385, 26, '1448551800169', '1448573057047', '26-11-2015'),
(386, 15, '1448569537198', '1448569548430', '26-11-2015'),
(387, 15, '1448569559646', '1448606766641', '26-11-2015'),
(388, 22, '1448571742620', '1448610325304', '26-11-2015'),
(389, 21, '1448572498036', '1448660430719', '26-11-2015'),
(390, 25, '1448573032602', '1448635830709', '26-11-2015'),
(391, 20, '1448582678318', '1448637562234', '26-11-2015'),
(392, 30, '1448584486252', '1448584510697', '26-11-2015'),
(393, 40, '1448584972988', '1448584984220', '26-11-2015'),
(394, 49, '1448585969440', '1448585984619', '26-11-2015'),
(395, 52, '1448585994493', '1448586000453', '26-11-2015'),
(396, 37, '1448586055131', '1448625935565', '26-11-2015'),
(397, 41, '1448586062572', '1448627595923', '26-11-2015'),
(398, 43, '1448586087438', '1448625890980', '26-11-2015'),
(399, 57, '1448604936134', '1448657245599', '27-11-2015'),
(400, 19, '1448605270380', '1448661655150', '27-11-2015'),
(401, 13, '1448606010336', '1448692315398', '27-11-2015'),
(402, 18, '1448608212124', '1448656661422', '27-11-2015'),
(403, 29, '1448609691179', '1448671460227', '27-11-2015'),
(404, 11, '1448610425051', '1448656446891', '27-11-2015'),
(405, 30, '1448624908241', '1448671042014', '27-11-2015'),
(406, 36, '1448624957350', '1448678096604', '27-11-2015'),
(407, 38, '1448624962685', '1448671211165', '27-11-2015'),
(408, 54, '1448624977099', '1448671468495', '27-11-2015'),
(409, 34, '1448625003604', '1448744589323', '27-11-2015'),
(410, 42, '1448625103194', '1448671734055', '27-11-2015'),
(411, 50, '1448625623143', '1448671709890', '27-11-2015'),
(412, 31, '1448625686854', '1448678169394', '27-11-2015'),
(413, 45, '1448625762311', '1448671396166', '27-11-2015'),
(414, 33, '1448625896284', '1448676089083', '27-11-2015'),
(415, 14, '1448626058680', '1448658794573', '27-11-2015'),
(416, 49, '1448626113936', '1448679035351', '27-11-2015'),
(417, 40, '1448626227005', '1448669655015', '27-11-2015'),
(418, 32, '1448626238408', '1448669664141', '27-11-2015'),
(419, 41, '1448627602568', '1448678134980', '27-11-2015'),
(420, 52, '1448627915739', '1448679044009', '27-11-2015'),
(421, 28, '1448629507379', '1448664287795', '27-11-2015'),
(422, 60, '1448633383315', '1448665795475', '27-11-2015'),
(423, 9, '1448633802612', '1448711031469', '27-11-2015'),
(424, 55, '1448635356141', '1448665788174', '27-11-2015'),
(425, 24, '1448635551874', '1448662111810', '27-11-2015'),
(426, 25, '1448635859398', '1448662189857', '27-11-2015'),
(427, 4, '1448636132164', '1448658430203', '27-11-2015'),
(428, 23, '1448636179027', '1448662131356', '27-11-2015'),
(429, 20, '1448637621748', '1448669429361', '27-11-2015'),
(430, 47, '1448637777749', '1448662222227', '27-11-2015'),
(431, 26, '1448639742712', '1448662265704', '27-11-2015'),
(432, 5, '1448639837420', NULL, '27-11-2015'),
(433, 61, '1448653900305', '1448662339901', '27-11-2015'),
(434, 16, '1448656638802', '1448656655713', '27-11-2015'),
(435, 15, '1448656798156', '1448690029495', '27-11-2015'),
(436, 61, '1448662474802', '1448662512601', '27-11-2015'),
(437, 63, '1448662488046', NULL, '27-11-2015'),
(438, 64, '1448662583674', '1448662588105', '27-11-2015'),
(439, 65, '1448662759439', '1448708419993', '27-11-2015'),
(440, 27, '1448662778705', '1448662819577', '27-11-2015'),
(441, 61, '1448662869217', '1448662871994', '27-11-2015'),
(442, 22, '1448662882305', '1448662906750', '27-11-2015'),
(443, 66, '1448663332257', '1448663342397', '27-11-2015'),
(444, 67, '1448663411799', '1448663415777', '27-11-2015'),
(445, 68, '1448663687521', '1448663693746', '27-11-2015'),
(446, 68, '1448670984793', '1448670992921', '27-11-2015'),
(447, 39, '1448671020314', '1448671035446', '27-11-2015'),
(448, 43, '1448676104278', '1448711916527', '27-11-2015'),
(449, 37, '1448678039633', '1448712295701', '27-11-2015'),
(450, 66, '1448678086667', '1448678094435', '27-11-2015'),
(451, 67, '1448678180813', '1448678188706', '27-11-2015'),
(452, 12, '1448684125063', '1448855523027', '27-11-2015'),
(453, 29, '1448688625858', '1448748487552', '27-11-2015'),
(454, 11, '1448689518476', '1448744563458', '27-11-2015'),
(455, 57, '1448689841078', '1448744615063', '27-11-2015'),
(456, 15, '1448690041663', '1448744492431', '27-11-2015'),
(457, 18, '1448690968305', '1448743968536', '28-11-2015'),
(458, 16, '1448692192486', '1448743972919', '28-11-2015'),
(459, 13, '1448692324181', '1448744829595', '28-11-2015'),
(460, 22, '1448693646564', '1448743958271', '28-11-2015'),
(461, 65, '1448708432816', '1448881790200', '28-11-2015'),
(462, 33, '1448710576837', '1448744383075', '28-11-2015'),
(463, 67, '1448711024792', '1448744593551', '28-11-2015'),
(464, 9, '1448711036991', '1448711039674', '28-11-2015'),
(465, 9, '1448711216226', '1448711243230', '28-11-2015'),
(466, 9, '1448711249095', '1448979807998', '28-11-2015'),
(467, 30, '1448711271980', '1448744581383', '28-11-2015'),
(468, 36, '1448711298500', '1448753206341', '28-11-2015'),
(469, 23, '1448711349278', '1448733057034', '28-11-2015'),
(470, 68, '1448711380276', '1448744483352', '28-11-2015'),
(471, 45, '1448711494577', '1448744390314', '28-11-2015'),
(472, 50, '1448711630453', '1448744694452', '28-11-2015'),
(473, 42, '1448711642013', '1448744601429', '28-11-2015'),
(474, 31, '1448711757859', '1448744576593', '28-11-2015'),
(475, 43, '1448711938804', '1448744378988', '28-11-2015'),
(476, 52, '1448712061966', '1448753200725', '28-11-2015'),
(477, 25, '1448712201336', '1448895811364', '28-11-2015'),
(478, 49, '1448712387913', '1448712392437', '28-11-2015'),
(479, 41, '1448712716808', '1448744956064', '28-11-2015'),
(480, 27, '1448714268156', '1448895192792', '28-11-2015'),
(481, 28, '1448714603322', '1448882540936', '28-11-2015'),
(482, 14, '1448716941345', '1448735306059', '28-11-2015'),
(483, 55, '1448717141260', '1448745723741', '28-11-2015'),
(484, 60, '1448722148808', '1448745727345', '28-11-2015'),
(485, 4, '1448723069631', '1448744882978', '28-11-2015'),
(486, 46, '1448723115402', '1448744371500', '28-11-2015'),
(487, 20, '1448724871044', '1448744555799', '28-11-2015'),
(488, 38, '1448744597341', '1448883962691', '28-11-2015'),
(489, 19, '1448746194113', '1448746204550', '28-11-2015'),
(490, 54, '1448748501186', '1448748512808', '28-11-2015'),
(491, 49, '1448753211396', '1448753218275', '28-11-2015'),
(492, 12, '1448855553478', '1448956192921', '29-11-2015'),
(493, 57, '1448861679453', '1448920811915', '29-11-2015'),
(494, 11, '1448862488283', '1449039472321', '29-11-2015'),
(495, 19, '1448862720461', '1448920719563', '29-11-2015'),
(496, 18, '1448866029898', '1448920822461', '30-11-2015'),
(497, 29, '1448867172460', '1448927653822', '30-11-2015'),
(498, 22, '1448867269632', '1448920828872', '30-11-2015'),
(499, 21, '1448881523533', '1448955734763', '30-11-2015'),
(500, 65, '1448881813678', '1448928630524', '30-11-2015'),
(501, 28, '1448882547457', '1448922393898', '30-11-2015'),
(502, 33, '1448883732045', '1448928168935', '30-11-2015'),
(503, 36, '1448883913816', '1448970318486', '30-11-2015'),
(504, 30, '1448883935578', '1448927988162', '30-11-2015'),
(505, 34, '1448883952442', '1448970343820', '30-11-2015'),
(506, 38, '1448883971880', '1448928291005', '30-11-2015'),
(507, 68, '1448884278170', '1448928399659', '30-11-2015'),
(508, 54, '1448884309464', '1448970643731', '30-11-2015'),
(509, 50, '1448884328262', '1448928277433', '30-11-2015'),
(510, 52, '1448884388993', '1448971191026', '30-11-2015'),
(511, 43, '1448884426995', '1448928391625', '30-11-2015'),
(512, 31, '1448884484637', '1448928157937', '30-11-2015'),
(513, 45, '1448884510174', '1448884521468', '30-11-2015'),
(514, 45, '1448884562902', '1448928553990', '30-11-2015'),
(515, 44, '1448884587347', '1448927980518', '30-11-2015'),
(516, 42, '1448884690214', '1448928713734', '30-11-2015'),
(517, 67, '1448884818477', '1448928282269', '30-11-2015'),
(518, 32, '1448884824593', '1448970427358', '30-11-2015'),
(519, 14, '1448885239943', '1448971354421', '30-11-2015'),
(520, 37, '1448885779033', '1448972133050', '30-11-2015'),
(521, 49, '1448887157389', '1448974888732', '30-11-2015'),
(522, 46, '1448891321286', '1449067946349', '30-11-2015'),
(523, 55, '1448892467233', '1448925347935', '30-11-2015'),
(524, 60, '1448893423577', '1448925337608', '30-11-2015'),
(525, 4, '1448895122280', '1448917485849', '30-11-2015'),
(526, 27, '1448895198985', '1448925119270', '30-11-2015'),
(527, 24, '1448895212370', '1448924930650', '30-11-2015'),
(528, 23, '1448895963231', '1448926461699', '30-11-2015'),
(529, 20, '1448896446067', '1448927147601', '30-11-2015'),
(530, 47, '1448899039331', '1448928733749', '30-11-2015'),
(531, 17, '1448920779654', '1448953333685', '30-11-2015'),
(532, 16, '1448920837047', '1448954743974', '30-11-2015'),
(533, 25, '1448925240700', '1448972590770', '30-11-2015'),
(534, 64, '1448926065786', '1448973474917', '30-11-2015'),
(535, 39, '1448928683314', '1448970137005', '30-11-2015'),
(536, 57, '1448950960904', '1449034331659', '01-12-2015'),
(537, 13, '1448950991074', '1449037855581', '01-12-2015'),
(538, 15, '1448951020340', '1449123635086', '01-12-2015'),
(539, 18, '1448953300488', '1449039713887', '01-12-2015'),
(540, 22, '1448954668548', '1449020619095', '01-12-2015'),
(541, 12, '1448956197913', '1449026431853', '01-12-2015'),
(542, 19, '1448957862950', '1449125231967', '01-12-2015'),
(543, 65, '1448968112917', '1449015134469', '01-12-2015'),
(544, 38, '1448970325069', '1448970335630', '01-12-2015'),
(545, 30, '1448970359919', '1449015457015', '01-12-2015'),
(546, 34, '1448970366456', '1449015476468', '01-12-2015'),
(547, 40, '1448970419512', '1449028224327', '01-12-2015'),
(548, 45, '1448970618318', '1449017782262', '01-12-2015'),
(549, 54, '1448970662654', '1449016803999', '01-12-2015'),
(550, 50, '1448970674790', '1449016086476', '01-12-2015'),
(551, 42, '1448970715725', '1449016109642', '01-12-2015'),
(552, 43, '1448970799715', '1449015651766', '01-12-2015'),
(553, 67, '1448970855860', '1449017239537', '01-12-2015'),
(554, 24, '1448970906513', '1449066793990', '01-12-2015'),
(555, 44, '1448970993203', '1449015308908', '01-12-2015'),
(556, 31, '1448971016868', '1449143271547', '01-12-2015'),
(557, 52, '1448971194349', '1449028317942', '01-12-2015'),
(558, 41, '1448971211369', '1448971219887', '01-12-2015'),
(559, 33, '1448971340506', '1449015410277', '01-12-2015'),
(560, 14, '1448971363157', '1448971364546', '01-12-2015'),
(561, 25, '1448972602205', '1449107737722', '01-12-2015'),
(562, 23, '1448973387417', '1449068021026', '01-12-2015'),
(563, 28, '1448973396496', '1449059850668', '01-12-2015'),
(564, 47, '1448973520547', '1449107725835', '01-12-2015'),
(565, 27, '1448973756763', '1449067420082', '01-12-2015'),
(566, 49, '1448974950805', '1449028309456', '01-12-2015'),
(567, 60, '1448978628340', '1449011437964', '01-12-2015'),
(568, 55, '1448978895927', '1449011428261', '01-12-2015'),
(569, 9, '1448979814534', '1449056923229', '01-12-2015'),
(570, 4, '1448981873988', '1449068658880', '01-12-2015'),
(571, 20, '1448983751779', '1449068935437', '01-12-2015'),
(572, 60, '1449011446186', '1449011451942', '01-12-2015'),
(573, 29, '1449014467786', '1449040660169', '01-12-2015'),
(574, 65, '1449015144640', '1449054456833', '01-12-2015'),
(575, 32, '1449015380918', '1449057404318', '01-12-2015'),
(576, 68, '1449015670174', '1449015680017', '01-12-2015'),
(577, 66, '1449017252672', NULL, '01-12-2015'),
(578, 38, '1449017263389', '1449102486565', '01-12-2015'),
(579, 21, '1449020627644', '1449020639765', '01-12-2015'),
(580, 12, '1449026434692', '1449093301566', '01-12-2015'),
(581, 36, '1449028142863', '1449028154532', '01-12-2015'),
(582, 37, '1449028243686', '1449057627227', '01-12-2015'),
(583, 41, '1449028267757', '1449028282920', '01-12-2015'),
(584, 57, '1449034384044', '1449093295201', '01-12-2015'),
(585, 11, '1449039478233', '1449123475217', '02-12-2015'),
(586, 16, '1449039553581', '1449093310068', '02-12-2015'),
(587, 17, '1449039682874', '1449559023284', '02-12-2015'),
(588, 29, '1449040667002', '1449097147035', '02-12-2015'),
(589, 22, '1449051604774', '1449099514417', '02-12-2015'),
(590, 21, '1449054390923', '1449100424913', '02-12-2015'),
(591, 65, '1449054464649', '1449104023886', '02-12-2015'),
(592, 45, '1449056710039', '1449102663142', '02-12-2015'),
(593, 39, '1449056902325', '1449056904228', '02-12-2015'),
(594, 9, '1449056932137', '1449056948205', '02-12-2015'),
(595, 39, '1449056962666', '1449142955615', '02-12-2015'),
(596, 54, '1449057018779', '1449104487643', '02-12-2015'),
(597, 68, '1449057083223', '1449102403542', '02-12-2015'),
(598, 43, '1449057146965', '1449102672362', '02-12-2015'),
(599, 42, '1449057189818', '1449102553256', '02-12-2015'),
(600, 67, '1449057199490', '1449102649414', '02-12-2015'),
(601, 30, '1449057213358', '1449102366835', '02-12-2015'),
(602, 34, '1449057218616', '1449102411436', '02-12-2015'),
(603, 36, '1449057247772', '1449117747417', '02-12-2015'),
(604, 44, '1449057273465', '1449103676567', '02-12-2015'),
(605, 40, '1449057415566', '1449102656949', '02-12-2015'),
(606, 14, '1449057430791', '1449092333631', '02-12-2015'),
(607, 50, '1449057616323', '1449103787733', '02-12-2015'),
(608, 37, '1449057633639', '1449143725835', '02-12-2015'),
(609, 41, '1449058029864', '1449114540488', '02-12-2015'),
(610, 49, '1449058505275', '1449118061149', '02-12-2015'),
(611, 28, '1449059856346', '1449093511448', '02-12-2015'),
(612, 60, '1449064804862', '1449097509299', '02-12-2015'),
(613, 55, '1449064897183', '1449097501951', '02-12-2015'),
(614, 9, '1449066056905', '1449066060321', '02-12-2015'),
(615, 24, '1449066798171', '1449095229698', '02-12-2015'),
(616, 27, '1449067424902', '1449095218528', '02-12-2015'),
(617, 46, '1449067951637', '1449327837923', '02-12-2015'),
(618, 23, '1449068069714', '1449095252427', '02-12-2015'),
(619, 4, '1449068661251', '1449090885168', '02-12-2015'),
(620, 13, '1449093285560', '1449114744739', '02-12-2015'),
(621, 20, '1449100130509', '1449100134487', '02-12-2015'),
(622, 32, '1449102515067', '1449143651735', '02-12-2015'),
(623, 65, '1449104029471', '1449104036709', '02-12-2015'),
(624, 12, '1449111002480', '1449633937864', '02-12-2015'),
(625, 16, '1449114442504', '1449179908822', '02-12-2015'),
(626, 52, '1449118068107', '1449118071102', '02-12-2015'),
(627, 57, '1449122051121', '1449179935810', '02-12-2015'),
(628, 11, '1449123486620', '1449212012329', '03-12-2015'),
(629, 19, '1449125241545', '1449262448165', '03-12-2015'),
(630, 29, '1449125529007', '1449183954814', '03-12-2015'),
(631, 18, '1449126669010', '1449212155101', '03-12-2015'),
(632, 22, '1449127208428', '1449190493066', '03-12-2015'),
(633, 65, '1449141058386', '1449141061647', '03-12-2015'),
(634, 65, '1449141070102', '1449186938756', '03-12-2015'),
(635, 33, '1449142933276', '1449191607329', '03-12-2015'),
(636, 67, '1449142993539', '1449185970041', '03-12-2015'),
(637, 54, '1449143233748', '1449186949208', '03-12-2015'),
(638, 30, '1449143332184', '1449185721111', '03-12-2015'),
(639, 45, '1449143380997', '1449186913125', '03-12-2015'),
(640, 68, '1449143530024', '1449185834102', '03-12-2015'),
(641, 42, '1449143539337', '1449186057495', '03-12-2015'),
(642, 40, '1449143640706', '1449185747460', '03-12-2015'),
(643, 43, '1449143669379', '1449185883040', '03-12-2015'),
(644, 50, '1449143696179', '1449185891308', '03-12-2015'),
(645, 37, '1449143729423', '1449195239499', '03-12-2015'),
(646, 44, '1449143921023', '1449185666995', '03-12-2015'),
(647, 14, '1449144093902', '1449231773024', '03-12-2015'),
(648, 49, '1449145504457', '1449195207800', '03-12-2015'),
(649, 28, '1449146176163', '1449232604100', '03-12-2015'),
(650, 60, '1449150590939', '1449184022487', '03-12-2015'),
(651, 55, '1449151431515', '1449184048118', '03-12-2015'),
(652, 36, '1449151591868', '1449195229999', '03-12-2015'),
(653, 24, '1449153575396', '1449239804152', '03-12-2015'),
(654, 23, '1449154354430', '1449240733352', '03-12-2015'),
(655, 27, '1449154548744', '1449240828903', '03-12-2015'),
(656, 4, '1449154869372', '1449241172275', '03-12-2015'),
(657, 64, '1449155585428', '1449267501033', '03-12-2015'),
(658, 25, '1449156209632', '1449179827671', '03-12-2015'),
(659, 47, '1449156536406', '1449179902207', '03-12-2015'),
(660, 20, '1449156832994', '1449185807301', '03-12-2015'),
(661, 32, '1449185725479', '1449230269369', '03-12-2015'),
(662, 34, '1449185734075', '1449230161354', '03-12-2015'),
(663, 31, '1449185845834', '1449229739015', '03-12-2015'),
(664, 38, '1449186031957', '1449273802033', '03-12-2015'),
(665, 21, '1449190395581', '1449227397809', '03-12-2015'),
(666, 22, '1449190493768', '1449216794221', '03-12-2015'),
(667, 52, '1449195215740', '1449195225303', '03-12-2015'),
(668, 13, '1449210873496', '1449262644117', '04-12-2015'),
(669, 15, '1449210883776', '1449262478258', '04-12-2015'),
(670, 11, '1449212015980', '1449261601021', '04-12-2015'),
(671, 16, '1449214204632', '1449261872103', '04-12-2015'),
(672, 22, '1449216801787', '1449271414502', '04-12-2015'),
(673, 65, '1449227226802', '1449572907683', '04-12-2015'),
(674, 21, '1449227403769', '1449272178445', '04-12-2015'),
(675, 33, '1449229762898', '1449273538829', '04-12-2015'),
(676, 45, '1449229768780', '1449273917645', '04-12-2015'),
(677, 43, '1449229944280', '1449272139070', '04-12-2015'),
(678, 42, '1449230003669', '1449274502817', '04-12-2015'),
(679, 68, '1449230024729', '1449273591058', '04-12-2015'),
(680, 30, '1449230131184', '1449273571745', '04-12-2015'),
(681, 36, '1449230151261', '1449277813518', '04-12-2015'),
(682, 40, '1449230263768', '1449273663068', '04-12-2015'),
(683, 44, '1449230276592', '1449273583289', '04-12-2015'),
(684, 67, '1449230283580', '1449273786870', '04-12-2015'),
(685, 52, '1449230560372', '1449277819524', '04-12-2015'),
(686, 49, '1449231908136', '1449277798978', '04-12-2015'),
(687, 28, '1449232607361', '1449269174494', '04-12-2015'),
(688, 9, '1449235997293', '1449589645707', '04-12-2015'),
(689, 55, '1449238034953', '1449271108352', '04-12-2015'),
(690, 24, '1449239804886', '1449239805744', '04-12-2015'),
(691, 24, '1449239806539', '1449239807241', '04-12-2015'),
(692, 24, '1449239809784', '1449267536569', '04-12-2015'),
(693, 23, '1449240745442', '1449267356561', '04-12-2015'),
(694, 27, '1449240880960', '1449267865839', '04-12-2015'),
(695, 25, '1449241017663', '1449267494964', '04-12-2015'),
(696, 4, '1449241174396', '1449263208435', '04-12-2015'),
(697, 20, '1449241932792', '1449273097629', '04-12-2015'),
(698, 47, '1449242891398', '1449267488209', '04-12-2015'),
(699, 18, '1449261609274', '1449261634124', '04-12-2015'),
(700, 57, '1449262456152', '1449262465528', '04-12-2015'),
(701, 14, '1449262830974', '1449262844515', '04-12-2015'),
(702, 21, '1449272183842', '1449272190410', '04-12-2015'),
(703, 21, '1449272200082', '1449305572047', '04-12-2015'),
(704, 33, '1449273566691', '1449273567455', '04-12-2015'),
(705, 33, '1449273568189', '1449533744765', '04-12-2015'),
(706, 44, '1449273586862', '1449316533737', '04-12-2015'),
(707, 34, '1449273595738', '1449316895627', '04-12-2015'),
(708, 31, '1449273704018', '1449316517435', '04-12-2015'),
(709, 50, '1449273939017', '1449273948861', '04-12-2015'),
(710, 11, '1449295295501', '1449346356871', '05-12-2015'),
(711, 18, '1449295798661', '1449344584427', '05-12-2015'),
(712, 29, '1449295977937', '1449528187520', '05-12-2015'),
(713, 22, '1449296490632', '1449523664401', '05-12-2015'),
(714, 19, '1449297421283', '1449345969944', '05-12-2015'),
(715, 15, '1449297614052', '1449345385769', '05-12-2015'),
(716, 13, '1449298146528', '1449345690220', '05-12-2015'),
(717, 16, '1449299583322', '1449345810199', '05-12-2015'),
(718, 21, '1449305616476', '1449523656555', '05-12-2015'),
(719, 45, '1449316236962', '1449534438467', '05-12-2015'),
(720, 54, '1449316462445', '1449534473099', '05-12-2015'),
(721, 40, '1449316484285', '1449322796275', '05-12-2015'),
(722, 42, '1449316527528', '1449534372713', '05-12-2015'),
(723, 68, '1449316543019', '1449533784139', '05-12-2015'),
(724, 50, '1449316610037', '1449534262233', '05-12-2015'),
(725, 37, '1449316793868', '1449535700010', '05-12-2015'),
(726, 30, '1449316825083', '1449533724313', '05-12-2015'),
(727, 34, '1449316907966', '1449533737838', '05-12-2015'),
(728, 38, '1449316916921', '1449534761044', '05-12-2015'),
(729, 49, '1449317250590', '1449576258086', '05-12-2015'),
(730, 52, '1449317559860', '1449533842577', '05-12-2015'),
(731, 28, '1449318901821', '1449346415605', '05-12-2015'),
(732, 41, '1449321306238', '1449534518994', '05-12-2015'),
(733, 24, '1449323294165', '1449343718267', '05-12-2015'),
(734, 14, '1449323548071', '1449346992853', '05-12-2015'),
(735, 55, '1449324905585', '1449529502727', '05-12-2015'),
(736, 64, '1449325875143', '1449343706021', '05-12-2015'),
(737, 47, '1449326643553', '1449343693822', '05-12-2015'),
(738, 4, '1449327595857', '1449349476050', '05-12-2015'),
(739, 46, '1449327841043', '1449674246731', '05-12-2015'),
(740, 20, '1449328810537', '1449587946661', '05-12-2015'),
(741, 18, '1449344592914', '1449344603490', '05-12-2015'),
(742, 57, '1449345433568', '1449345447280', '05-12-2015'),
(743, 13, '1449345705929', '1449520923087', '05-12-2015'),
(744, 11, '1449520909156', '1449520916410', '07-12-2015'),
(745, 57, '1449521202748', '1449521215431', '07-12-2015'),
(746, 19, '1449521747080', '1449559516308', '07-12-2015'),
(747, 14, '1449522846133', '1449575974025', '07-12-2015'),
(748, 15, '1449523324149', '1449556900682', '07-12-2015'),
(749, 24, '1449523792790', '1449523796861', '07-12-2015'),
(750, 25, '1449523822570', '1449587111149', '07-12-2015'),
(751, 64, '1449523944141', '1449523961036', '07-12-2015'),
(752, 23, '1449523968306', '1449523979241', '07-12-2015'),
(753, 27, '1449524111935', '1449524118362', '07-12-2015'),
(754, 28, '1449524295126', '1449578219165', '07-12-2015'),
(755, 60, '1449529493944', '1449583335459', '07-12-2015'),
(756, 44, '1449533720538', '1449616271953', '07-12-2015'),
(757, 32, '1449533834605', '1449575673911', '07-12-2015'),
(758, 36, '1449533884104', '1449533888145', '07-12-2015'),
(759, 67, '1449533924009', '1449575507958', '07-12-2015'),
(760, 31, '1449533990980', '1449575705564', '07-12-2015'),
(761, 39, '1449534672374', '1449616506110', '07-12-2015'),
(762, 57, '1449554174562', '1449605401610', '07-12-2015'),
(763, 11, '1449555814156', '1449643859840', '08-12-2015'),
(764, 16, '1449558052807', '1449644802675', '08-12-2015'),
(765, 18, '1449559013082', '1449644668842', '08-12-2015'),
(766, 22, '1449559350261', '1449605469719', '08-12-2015'),
(767, 19, '1449559524279', '1449605476646', '08-12-2015'),
(768, 65, '1449572925108', '1449572927838', '08-12-2015'),
(769, 65, '1449572950583', '1449616349049', '08-12-2015'),
(770, 21, '1449573141028', '1449619655711', '08-12-2015'),
(771, 36, '1449575152543', '1449632030995', '08-12-2015'),
(772, 30, '1449575157176', '1449616305447', '08-12-2015'),
(773, 34, '1449575185490', '1449661574735', '08-12-2015'),
(774, 41, '1449575196332', '1449632038467', '08-12-2015'),
(775, 33, '1449575239310', '1449663836521', '08-12-2015'),
(776, 42, '1449575513824', '1449616748082', '08-12-2015'),
(777, 68, '1449575583228', '1449616300189', '08-12-2015'),
(778, 43, '1449575622650', '1449616761779', '08-12-2015'),
(779, 50, '1449575647110', '1449616732326', '08-12-2015'),
(780, 45, '1449575664988', '1449616878766', '08-12-2015'),
(781, 32, '1449575682289', '1449616313793', '08-12-2015'),
(782, 52, '1449575776466', '1449662567568', '08-12-2015'),
(783, 54, '1449575897288', '1449618752298', '08-12-2015'),
(784, 14, '1449575983712', '1449662761117', '08-12-2015'),
(785, 49, '1449576263514', '1449662834827', '08-12-2015'),
(786, 37, '1449577572279', '1449632024568', '08-12-2015'),
(787, 24, '1449584439738', '1449612802598', '08-12-2015'),
(788, 47, '1449586334018', '1449613931263', '08-12-2015'),
(789, 27, '1449586447821', '1449613070996', '08-12-2015'),
(790, 4, '1449586748979', '1449608776270', '08-12-2015'),
(791, 23, '1449586785312', '1449612946134', '08-12-2015'),
(792, 25, '1449587125813', '1449613087766', '08-12-2015'),
(793, 64, '1449587938642', '1449613107048', '08-12-2015'),
(794, 9, '1449589647579', '1449760342752', '08-12-2015'),
(795, 28, '1449607631945', '1449664485014', '08-12-2015'),
(796, 55, '1449615635893', '1449615640293', '08-12-2015'),
(797, 60, '1449615649403', '1449615656392', '08-12-2015'),
(798, 29, '1449616473740', '1449645708319', '08-12-2015'),
(799, 31, '1449616735243', '1449662067431', '08-12-2015'),
(800, 67, '1449616770811', '1450094589735', '08-12-2015'),
(801, 38, '1449616800732', '1450785584942', '08-12-2015'),
(802, 41, '1449632047344', '1450094892812', '08-12-2015'),
(803, 12, '1449633942451', '1450057849091', '08-12-2015'),
(804, 57, '1449643087358', '1449900585964', '09-12-2015'),
(805, 15, '1449643102100', '1449904589611', '09-12-2015'),
(806, 11, '1449643865675', '1449903229758', '09-12-2015'),
(807, 17, '1449644639202', '1450076078686', '09-12-2015'),
(808, 22, '1449645634266', '1450076111479', '09-12-2015'),
(809, 29, '1449645713904', '1450078220436', '09-12-2015'),
(810, 65, '1449659484347', '1450091834302', '09-12-2015'),
(811, 30, '1449661546905', '1450094899863', '09-12-2015'),
(812, 36, '1449661592082', '1450094879817', '09-12-2015'),
(813, 68, '1449661852728', '1450093872508', '09-12-2015'),
(814, 54, '1449662053438', '1449932134310', '09-12-2015'),
(815, 42, '1449662060286', '1449881731426', '09-12-2015'),
(816, 31, '1449662079115', '1450093944144', '09-12-2015'),
(817, 45, '1449662105760', '1449881514436', '09-12-2015'),
(818, 32, '1449662165836', '1450093974923', '09-12-2015'),
(819, 43, '1449662247050', '1450095794993', '09-12-2015'),
(820, 52, '1449662570641', '1450094363487', '09-12-2015'),
(821, 14, '1449662783722', '1449760391346', '09-12-2015'),
(822, 49, '1449662841145', '1450094980344', '09-12-2015'),
(823, 44, '1449662982076', '1450094653367', '09-12-2015'),
(824, 37, '1449664415750', '1450094378604', '09-12-2015'),
(825, 28, '1449664492206', '1449922799107', '09-12-2015'),
(826, 55, '1449669622415', '1450101921950', '09-12-2015'),
(827, 60, '1449670073973', '1449922825582', '09-12-2015'),
(828, 24, '1449671716313', '1450103961810', '09-12-2015'),
(829, 4, '1449672917718', '1449760930499', '09-12-2015'),
(830, 23, '1449673072111', '1450134664772', '09-12-2015'),
(831, 27, '1449673564511', '1449923024942', '09-12-2015'),
(832, 46, '1449674263922', '1449846367519', '09-12-2015'),
(833, 25, '1449674617575', '1449761479885', '09-12-2015'),
(834, 47, '1449674798145', '1449761701811', '09-12-2015'),
(835, 64, '1449674842215', '1449762270947', '09-12-2015'),
(836, 9, '1449760345919', '1449936898456', '10-12-2015'),
(837, 14, '1449760399224', '1449935849152', '10-12-2015'),
(838, 25, '1449761505875', '1449761513815', '10-12-2015'),
(839, 20, '1449761552020', '1449846855573', '10-12-2015'),
(840, 4, '1449768648987', '1449768657177', '10-12-2015'),
(841, 46, '1449846384266', '1449922771728', '11-12-2015'),
(842, 25, '1449846605139', '1449923865904', '11-12-2015'),
(843, 47, '1449847089651', '1450105983935', '11-12-2015'),
(844, 64, '1449848019606', '1450106550091', '11-12-2015'),
(845, 42, '1449881737074', '1449881746591', '11-12-2015'),
(846, 42, '1449881750382', NULL, '11-12-2015'),
(847, 16, '1449903528590', '1450074353218', '12-12-2015'),
(848, 15, '1449904607692', '1449904630452', '12-12-2015'),
(849, 28, '1449922803568', '1450092137946', '12-12-2015'),
(850, 60, '1449922835332', '1449942215707', '12-12-2015'),
(851, 27, '1449923029544', '1450105100708', '12-12-2015'),
(852, 25, '1449923872892', '1450105142095', '12-12-2015'),
(853, 54, '1449932152002', '1450094125446', '12-12-2015'),
(854, 4, '1449932470659', '1450105156182', '12-12-2015'),
(855, 14, '1449935856000', '1450094499660', '12-12-2015'),
(856, 9, '1449936900765', '1450056819895', '12-12-2015'),
(857, 9, '1450056824404', '1450072617521', '13-12-2015'),
(858, 12, '1450057854863', '1450500189693', '13-12-2015'),
(859, 9, '1450072625789', '1450080961341', '13-12-2015'),
(860, 57, '1450072629268', '1450130335062', '13-12-2015'),
(861, 15, '1450074709187', '1450129719813', '14-12-2015'),
(862, 18, '1450076061432', '1450130177034', '14-12-2015'),
(863, 17, '1450076088482', '1450130252819', '14-12-2015'),
(864, 22, '1450076127937', '1450130264847', '14-12-2015'),
(865, 11, '1450080990812', '1450130183243', '14-12-2015'),
(866, 65, '1450091837266', '1450091840808', '14-12-2015'),
(867, 65, '1450091841697', '1450091844708', '14-12-2015'),
(868, 9, '1450092072425', '1450092078056', '14-12-2015'),
(869, 28, '1450092161769', '1450217580982', '14-12-2015'),
(870, 68, '1450093925267', '1450140401011', '14-12-2015'),
(871, 31, '1450093952100', '1450139980372', '14-12-2015'),
(872, 40, '1450093985547', '1450140189335', '14-12-2015'),
(873, 54, '1450094131375', '1450266938387', '14-12-2015'),
(874, 50, '1450094264068', '1450140377112', '14-12-2015'),
(875, 45, '1450094342474', '1450140725819', '14-12-2015'),
(876, 52, '1450094368121', '1450180828762', '14-12-2015'),
(877, 37, '1450094387340', '1450180765551', '14-12-2015'),
(878, 14, '1450094505994', '1450181082622', '14-12-2015'),
(879, 44, '1450094657673', '1450139861594', '14-12-2015');
INSERT INTO `asistencias` (`id_asistencia`, `id_trabajador`, `hora_entrada`, `hora_salida`, `fecha`) VALUES
(880, 34, '1450094910346', '1450180886779', '14-12-2015'),
(881, 49, '1450094985648', '1450313180711', '14-12-2015'),
(882, 33, '1450095442026', '1450139885025', '14-12-2015'),
(883, 27, '1450105106714', '1450219653430', '14-12-2015'),
(884, 4, '1450105161205', '1450191554936', '14-12-2015'),
(885, 20, '1450106540903', '1450138158367', '14-12-2015'),
(886, 16, '1450130161356', '1450249175088', '14-12-2015'),
(887, 24, '1450134639360', '1450134646785', '14-12-2015'),
(888, 24, '1450134652526', '1450134657752', '14-12-2015'),
(889, 64, '1450134677860', '1450182069869', '14-12-2015'),
(890, 47, '1450134687033', '1450184733480', '14-12-2015'),
(891, 25, '1450134715581', '1450182610504', '14-12-2015'),
(892, 65, '1450139568095', '1450139573570', '14-12-2015'),
(893, 44, '1450139866118', '1450180904812', '14-12-2015'),
(894, 30, '1450139874042', '1450225557708', '14-12-2015'),
(895, 31, '1450139992415', '1450139993367', '14-12-2015'),
(896, 31, '1450139994537', '1450139996471', '14-12-2015'),
(897, 32, '1450140003398', '1450225484700', '14-12-2015'),
(898, 39, '1450140240846', '1450140241766', '14-12-2015'),
(899, 50, '1450140393601', '1450225663850', '14-12-2015'),
(900, 68, '1450140413975', '1450140414895', '14-12-2015'),
(901, 67, '1450140615964', '1450140634279', '14-12-2015'),
(902, 43, '1450140700282', '1450140712357', '14-12-2015'),
(903, 45, '1450140739922', '1450180613357', '14-12-2015'),
(904, 18, '1450160176355', '1450213960122', '15-12-2015'),
(905, 17, '1450160219661', '1450213977095', '15-12-2015'),
(906, 22, '1450160256773', '1450246652502', '15-12-2015'),
(907, 15, '1450161825699', '1450215145287', '15-12-2015'),
(908, 11, '1450162224436', NULL, '15-12-2015'),
(909, 67, '1450180126341', '1450225857010', '15-12-2015'),
(910, 31, '1450180194606', '1450180198506', '15-12-2015'),
(911, 31, '1450180199411', '1450225846589', '15-12-2015'),
(912, 40, '1450180478339', '1450180479524', '15-12-2015'),
(913, 68, '1450180597663', '1450180607039', '15-12-2015'),
(914, 45, '1450180618989', '1450225902000', '15-12-2015'),
(915, 68, '1450180632015', '1450225810101', '15-12-2015'),
(916, 37, '1450180770808', '1450225819227', '15-12-2015'),
(917, 52, '1450180837732', '1450267176428', '15-12-2015'),
(918, 36, '1450180857076', '1450267685582', '15-12-2015'),
(919, 44, '1450180911520', '1450268593706', '15-12-2015'),
(920, 43, '1450181005745', '1450225864857', '15-12-2015'),
(921, 14, '1450181089517', '1450213171837', '15-12-2015'),
(922, 25, '1450182615418', '1450219752834', '15-12-2015'),
(923, 4, '1450191562907', '1450277295323', '15-12-2015'),
(924, 20, '1450193690345', '1450223852911', '15-12-2015'),
(925, 17, '1450213986767', '1450213987531', '15-12-2015'),
(926, 13, '1450214351168', '1450301076525', '15-12-2015'),
(927, 57, '1450214547292', '1450244737848', '15-12-2015'),
(928, 19, '1450217182136', '1450217192900', '15-12-2015'),
(929, 24, '1450219408369', '1450219413237', '15-12-2015'),
(930, 23, '1450220451044', '1450220456535', '15-12-2015'),
(931, 64, '1450220481651', '1450280512798', '15-12-2015'),
(932, 47, '1450220519247', '1450280276223', '15-12-2015'),
(933, 55, '1450220792669', '1450220812153', '15-12-2015'),
(934, 20, '1450223853972', '1450223859213', '15-12-2015'),
(935, 40, '1450225445159', '1450225459261', '15-12-2015'),
(936, 34, '1450225529534', '1450225530455', '15-12-2015'),
(937, 19, '1450246283795', '1450246297320', '16-12-2015'),
(938, 18, '1450246308771', '1450470678095', '16-12-2015'),
(939, 17, '1450246357178', NULL, '16-12-2015'),
(940, 22, '1450246661097', '1450301084871', '16-12-2015'),
(941, 15, '1450247619672', '1450300742700', '16-12-2015'),
(942, 29, '1450247727562', NULL, '16-12-2015'),
(943, 65, '1450263929423', '1450263930842', '16-12-2015'),
(944, 65, '1450263936708', '1450263938752', '16-12-2015'),
(945, 65, '1450263944383', '1450309408500', '16-12-2015'),
(946, 31, '1450266779797', '1450266789423', '16-12-2015'),
(947, 31, '1450266793167', '1450308895633', '16-12-2015'),
(948, 46, '1450266850544', '1450798495681', '16-12-2015'),
(949, 68, '1450266925938', '1450308931404', '16-12-2015'),
(950, 54, '1450266942053', '1450312119691', '16-12-2015'),
(951, 45, '1450266957185', '1450309391605', '16-12-2015'),
(952, 52, '1450267182340', '1450313190524', '16-12-2015'),
(953, 37, '1450267229936', '1450313145330', '16-12-2015'),
(954, 14, '1450267408494', '1450473212148', '16-12-2015'),
(955, 50, '1450267455918', '1450267472205', '16-12-2015'),
(956, 43, '1450267491861', '1450309383150', '16-12-2015'),
(957, 67, '1450267519956', '1450309317723', '16-12-2015'),
(958, 30, '1450267655801', '1450267670450', '16-12-2015'),
(959, 28, '1450269562249', '1450301673148', '16-12-2015'),
(960, 55, '1450274961310', '1450533875228', '16-12-2015'),
(961, 4, '1450277301751', '1450300291298', '16-12-2015'),
(962, 25, '1450277995640', '1450311777770', '16-12-2015'),
(963, 23, '1450278204977', '1450278219921', '16-12-2015'),
(964, 24, '1450278230779', '1450278244024', '16-12-2015'),
(965, 20, '1450281242645', '1450309737598', '16-12-2015'),
(966, 57, '1450300300237', '1450471024182', '16-12-2015'),
(967, 30, '1450308836696', '1450308846493', '16-12-2015'),
(968, 44, '1450308841314', '1450785407461', '16-12-2015'),
(969, 34, '1450308856961', '1450785931996', '16-12-2015'),
(970, 40, '1450308863809', '1450308869847', '16-12-2015'),
(971, 32, '1450308875728', '1450308879597', '16-12-2015'),
(972, 50, '1450309311639', '1450309326584', '16-12-2015'),
(973, 24, '1450311616263', '1450311636418', '16-12-2015'),
(974, 64, '1450311755883', '1450452550583', '16-12-2015'),
(975, 47, '1450311785429', '1450453534773', '16-12-2015'),
(976, 27, '1450311810748', '1450311815272', '16-12-2015'),
(977, 36, '1450313156266', '1450785945272', '16-12-2015'),
(978, 15, '1450334445873', '1450470667300', '17-12-2015'),
(979, 19, '1450334468649', '1450471673252', '17-12-2015'),
(980, 9, '1450397047095', '1450397056128', '17-12-2015'),
(981, 9, '1450399840973', '1450455625067', '17-12-2015'),
(982, 4, '1450450768545', '1450472773709', '18-12-2015'),
(983, 25, '1450451019596', '1450479909458', '18-12-2015'),
(984, 23, '1450451269711', '1450479788090', '18-12-2015'),
(985, 20, '1450452282824', '1450452355192', '18-12-2015'),
(986, 20, '1450452423676', '1450452462333', '18-12-2015'),
(987, 20, '1450452494937', '1450452540552', '18-12-2015'),
(988, 20, '1450452545045', '1450452546199', '18-12-2015'),
(989, 20, '1450452549459', '1450537405514', '18-12-2015'),
(990, 9, '1450455630855', '1450483212176', '18-12-2015'),
(991, 28, '1450460656450', '1450528205866', '18-12-2015'),
(992, 13, '1450470662074', '1450556950399', '18-12-2015'),
(993, 16, '1450471033027', '1450510821373', '18-12-2015'),
(994, 19, '1450471680459', '1450471686419', '18-12-2015'),
(995, 22, '1450473026071', '1450473038535', '18-12-2015'),
(996, 24, '1450479801054', '1450479806623', '18-12-2015'),
(997, 47, '1450479932125', '1450786098651', '18-12-2015'),
(998, 9, '1450483529937', '1450483532636', '18-12-2015'),
(999, 12, '1450500191409', NULL, '18-12-2015'),
(1000, 57, '1450505240498', '1450556644248', '19-12-2015'),
(1001, 65, '1450523755028', '1450558831949', '19-12-2015'),
(1002, 67, '1450524543921', NULL, '19-12-2015'),
(1003, 40, '1450525766480', '1450560445663', '19-12-2015'),
(1004, 32, '1450525782376', NULL, '19-12-2015'),
(1005, 31, '1450526091381', '1450785220042', '19-12-2015'),
(1006, 68, '1450526142113', '1450560524880', '19-12-2015'),
(1007, 54, '1450526345693', '1450562970746', '19-12-2015'),
(1008, 50, '1450526532581', '1450560672066', '19-12-2015'),
(1009, 43, '1450526942358', '1450785553711', '19-12-2015'),
(1010, 52, '1450527030139', '1450560975159', '19-12-2015'),
(1011, 28, '1450528210515', '1450558233813', '19-12-2015'),
(1012, 24, '1450528879741', '1450553636891', '19-12-2015'),
(1013, 23, '1450529780361', '1450553688199', '19-12-2015'),
(1014, 27, '1450530093064', '1450553698058', '19-12-2015'),
(1015, 14, '1450532756035', '1450554360342', '19-12-2015'),
(1016, 4, '1450537550720', '1450796158469', '19-12-2015'),
(1017, 15, '1450556097951', '1450556108434', '19-12-2015'),
(1018, 19, '1450556856393', '1450556862368', '19-12-2015'),
(1019, 65, '1450558833540', NULL, '19-12-2015'),
(1020, 45, '1450560520793', '1450785705390', '19-12-2015'),
(1021, 49, '1450560963412', '1450560968389', '19-12-2015'),
(1022, 55, '1450562953789', '1450562960684', '19-12-2015'),
(1023, 9, '1450784679205', '1450784746612', '22-12-2015'),
(1024, 9, '1450784757439', '1450784766081', '22-12-2015'),
(1025, 9, '1450785078550', NULL, '22-12-2015'),
(1026, 23, '1450785283066', NULL, '22-12-2015'),
(1027, 54, '1450785295375', NULL, '22-12-2015'),
(1028, 68, '1450785570138', NULL, '22-12-2015'),
(1029, 24, '1450785789911', NULL, '22-12-2015'),
(1030, 37, '1450785797649', NULL, '22-12-2015'),
(1031, 14, '1450785925132', NULL, '22-12-2015'),
(1032, 30, '1450785941777', NULL, '22-12-2015'),
(1033, 40, '1450786062303', NULL, '22-12-2015'),
(1034, 49, '1450786109602', NULL, '22-12-2015'),
(1035, 52, '1450786157728', NULL, '22-12-2015'),
(1036, 27, '1450786566496', NULL, '22-12-2015'),
(1037, 25, '1450786680829', NULL, '22-12-2015'),
(1038, 64, '1450786736926', NULL, '22-12-2015'),
(1039, 4, '1450796162603', '1452017298892', '22-12-2015'),
(1040, 20, '1450798068271', NULL, '22-12-2015'),
(1041, 57, '1450819883147', NULL, '22-12-2015'),
(1042, 13, '1450820013625', NULL, '22-12-2015'),
(1043, 19, '1450820358043', '1450820364221', '22-12-2015'),
(1044, 19, '1450820370788', '1450820377855', '22-12-2015'),
(1045, 15, '1450820973495', NULL, '22-12-2015');

-- --------------------------------------------------------

--
-- Table structure for table `camaras`
--

CREATE TABLE IF NOT EXISTS `camaras` (
  `id_camara` int(11) NOT NULL AUTO_INCREMENT,
  `nombre` varchar(45) DEFAULT NULL,
  PRIMARY KEY (`id_camara`)
) ENGINE=InnoDB  DEFAULT CHARSET=latin1 AUTO_INCREMENT=101 ;

--
-- Dumping data for table `camaras`
--

INSERT INTO `camaras` (`id_camara`, `nombre`) VALUES
(1, 'Hielo'),
(2, 'Escritoro'),
(3, 'Fondo'),
(4, 'Entrada'),
(100, 'OREO');

-- --------------------------------------------------------

--
-- Table structure for table `clasificacion_puestos`
--

CREATE TABLE IF NOT EXISTS `clasificacion_puestos` (
  `id_clasificacion` int(11) NOT NULL AUTO_INCREMENT,
  `clasificacion` varchar(45) DEFAULT NULL,
  PRIMARY KEY (`id_clasificacion`)
) ENGINE=InnoDB  DEFAULT CHARSET=latin1 AUTO_INCREMENT=9 ;

--
-- Dumping data for table `clasificacion_puestos`
--

INSERT INTO `clasificacion_puestos` (`id_clasificacion`, `clasificacion`) VALUES
(1, 'PROCESO'),
(2, 'CHOFERES'),
(3, 'AYUDANTES'),
(4, 'EMPAQUE'),
(5, 'OFICINA'),
(6, 'LIMPIEZA'),
(7, 'DOCTOR Y CALIDAD'),
(8, 'VIGILANCIA');

-- --------------------------------------------------------

--
-- Table structure for table `clientes`
--

CREATE TABLE IF NOT EXISTS `clientes` (
  `id_cliente` int(11) NOT NULL AUTO_INCREMENT,
  `nombre` varchar(45) NOT NULL,
  `apodo` varchar(45) DEFAULT NULL,
  `telefono` varchar(45) DEFAULT NULL,
  `id_zona` int(11) DEFAULT NULL,
  PRIMARY KEY (`id_cliente`)
) ENGINE=InnoDB  DEFAULT CHARSET=latin1 AUTO_INCREMENT=94 ;

--
-- Dumping data for table `clientes`
--

INSERT INTO `clientes` (`id_cliente`, `nombre`, `apodo`, `telefono`, `id_zona`) VALUES
(9, 'Ramon Maldonado', '', '', 1),
(10, 'Ricardo Ruiz', '', '', 1),
(11, 'Catalina Campos', '', '', 1),
(12, 'Julio Campos', 'Chon', '', 1),
(13, 'Mario Torres', '', '', 1),
(14, 'Isidro', '', '', 1),
(15, 'Rosendo', '', '', 1),
(16, 'Francisca', '', '', 1),
(17, 'Zaragoza', '', '', 1),
(18, 'Juan', '', '', 1),
(19, 'Provedora de Abarrotes Rivera', 'Bodega ', '', 2),
(20, 'Figueroa', '', '', 1),
(21, 'Cesar II', '', '', 1),
(22, 'Chucho', '', '', 1),
(23, 'Miguel Ocotoxtle', '', '', 2),
(24, 'Alvaro Moreno', '', '', 2),
(25, 'Mario Cadena', '', '', 1),
(26, 'Fortuna', '', '', 5),
(27, 'Efrain Castro', '', '', 4),
(29, 'Agustin', '', '', 1),
(30, 'Mario Mejia', '', '', 1),
(31, 'Saul', '', '', 1),
(32, 'Sra. Celsa', '', '', 2),
(33, 'Silvia', '', '', 1),
(35, 'Domingo Maldonado', '', '', 5),
(36, 'Esther Cabello', '', '', 2),
(37, 'Giovanni', '', '', 2),
(38, 'Belem Gutierrez', '', '', 1),
(39, 'Chema', '', '', 1),
(40, 'rebanar', '', '', 5),
(42, 'David', '', '', 1),
(43, 'Angelica', '', '', 1),
(44, 'Cesar', '', '', 1),
(45, 'Abril', '', '', 1),
(46, 'Alejandro', '', '', 1),
(47, 'Selene', '', '', 1),
(48, 'Elena Lpez', '', '', 1),
(49, 'Gloria Roldan', '', '', 1),
(50, 'Misael', '', '', 1),
(51, 'Too', '', '', 1),
(52, 'Fernanda', '', '', 1),
(53, 'Contado II', '', '', 1),
(54, 'Pedro', '', '', 1),
(55, 'Yolanda', '', '', 1),
(56, 'Rosa Isela', '', '', 1),
(57, 'Teresa Juarez', '', '', 1),
(58, 'Localito', '', '', 1),
(59, 'Julio Cesar Cueto', '', '', 1),
(60, 'Lucero', '', '', 1),
(61, 'Teresa Amado', '', '', 1),
(62, 'Leonardo', '', '', 1),
(63, 'Martin', '', '', 1),
(64, 'Ral', '', '', 1),
(65, 'Juanito', '', '', 1),
(66, 'Daniel', '', '', 1),
(67, 'Diego II', '', '', 1),
(68, 'Jos', '', '', 1),
(69, 'Raquel', '', '', 1),
(70, 'Abundio', '', '', 1),
(71, 'Ismael', '', '', 1),
(72, 'Chava', '', '', 1),
(73, 'Villanueva', '', '', 1),
(74, 'Chipotle', '', '', 1),
(75, 'Luis', '', '', 1),
(76, 'Rosita', '', '', 1),
(77, 'Local #17', '', '', 1),
(78, 'Eduardo Molina', '', '', 1),
(79, 'Maty', '', '', 1),
(80, 'Eduardo Quintero', '', '', 1),
(81, 'Pazvi', '', '', 1),
(82, 'Javier Hernandez', '', '', 5),
(83, 'Friotecnica', '', '', 5),
(84, 'Osvaldo Reyes', '', '', 5),
(85, 'Rafael Calvo', '', '', 5),
(86, 'CONTADO', '', '', 5),
(87, 'Lorena', '', '', 1),
(88, 'Cremera Alejandra', '', '', 1),
(89, 'Beatriz', '', '', 1),
(90, 'Alfonso Estrada', '', '', 2),
(91, 'Verona', '', '', 2),
(92, 'Jarocho', '', '', 2),
(93, 'Felix', '', '', 2);

-- --------------------------------------------------------

--
-- Table structure for table `compras`
--

CREATE TABLE IF NOT EXISTS `compras` (
  `id_compra` int(11) NOT NULL AUTO_INCREMENT,
  `id_tipo_carne` int(11) DEFAULT NULL,
  `id_proveedor` int(11) DEFAULT NULL,
  `peso` float DEFAULT NULL,
  `precio` float DEFAULT NULL,
  `total` float DEFAULT NULL,
  `fecha` varchar(45) DEFAULT NULL,
  `pagado` int(11) DEFAULT NULL,
  `num_piezas` int(11) DEFAULT NULL,
  `peso_tara` float DEFAULT NULL,
  `num_cajas` int(11) DEFAULT NULL,
  PRIMARY KEY (`id_compra`)
) ENGINE=InnoDB  DEFAULT CHARSET=latin1 AUTO_INCREMENT=14 ;

--
-- Dumping data for table `compras`
--

INSERT INTO `compras` (`id_compra`, `id_tipo_carne`, `id_proveedor`, `peso`, `precio`, `total`, `fecha`, `pagado`, `num_piezas`, `peso_tara`, `num_cajas`) VALUES
(1, 20, 3, 533.5, 40, 21340, '02-12-2015', 0, 110, 0, 0),
(2, 20, 5, 142.2, 40, 5688, '02-12-2015', 0, 21, 0, 0),
(3, 20, 15, 582, 40, 23280, '02-12-2015', 0, 93, 0, 0),
(4, 20, 3, 437.6, 40, 17504, '03-12-2015', 0, 94, 0, 0),
(5, 20, 15, 678, 40, 27120, '04-12-2015', 0, 115, 0, 0),
(6, 20, 3, 537.8, 40, 21512, '04-12-2015', 0, 91, 0, 0),
(7, 20, 1, 726.7, 42, 30521.4, '04-12-2015', 0, 121, 0, 0),
(8, 20, 3, 404.5, 40, 16180, '05-12-2015', 0, 81, 0, 0),
(9, 20, 5, 135.6, 40, 5424, '05-12-2015', 0, 20, 0, 0),
(10, 24, 16, 339, 38, 12882, '05-12-2015', 0, 36, 0, 0),
(11, 20, 16, 175, 40, 7000, '05-12-2015', 0, 30, 0, 0),
(12, 20, 9, 2097, 45, 94365, '09-12-2015', 0, 353, 0, 0),
(13, 20, 15, 424, 41, 17384, '09-12-2015', 0, 65, 0, 0);

-- --------------------------------------------------------

--
-- Table structure for table `devoluciones`
--

CREATE TABLE IF NOT EXISTS `devoluciones` (
  `id_dev` int(11) NOT NULL AUTO_INCREMENT,
  `num_piezas` int(10) DEFAULT NULL,
  `peso` float DEFAULT NULL,
  `id_tipo_carne` int(11) DEFAULT NULL,
  `tipo_devolucion` varchar(45) DEFAULT NULL,
  `fecha` varchar(45) DEFAULT NULL,
  `id_cliente` int(11) DEFAULT NULL,
  `num_cajas` int(11) DEFAULT NULL,
  `peso_tara` float DEFAULT NULL,
  `precio` float DEFAULT NULL,
  `total` float DEFAULT NULL,
  PRIMARY KEY (`id_dev`),
  KEY `id_tipo_carne_idx` (`id_tipo_carne`),
  KEY `id_cliente_idx` (`id_cliente`)
) ENGINE=InnoDB  DEFAULT CHARSET=latin1 AUTO_INCREMENT=233 ;

--
-- Dumping data for table `devoluciones`
--

INSERT INTO `devoluciones` (`id_dev`, `num_piezas`, `peso`, `id_tipo_carne`, `tipo_devolucion`, `fecha`, `id_cliente`, `num_cajas`, `peso_tara`, `precio`, `total`) VALUES
(1, 1, 7.1, 1, 'HOY', '01-12-2015', 11, 0, 0, 41, 291.1),
(2, 2, 15.9, 1, 'HOY', '01-12-2015', 12, 0, 0, 41, 651.9),
(3, 5, 36.2, 1, 'DEVOLUCION', '01-12-2015', 22, 0, 0, 39, 1411.8),
(4, 2, 14.7, 1, 'HOY', '01-12-2015', 22, 0, 0, 39, 573.3),
(5, 2, 15, 1, 'DEVOLUCION', '01-12-2015', 18, 0, 0, 39, 585),
(6, 8, 12.2, 3, 'HOY', '01-12-2015', 22, 0, 0, 65, 793),
(7, 4, 5.3, 3, 'DEVOLUCION', '01-12-2015', 16, 0, 0, 66, 349.8),
(8, 5, 8.8, 3, 'HOY', '01-12-2015', 72, 0, 0, 66, 580.8),
(9, 1, 0.85, 3, 'HOY', '01-12-2015', 65, 0, 0, 66, 56.1),
(10, 3, 3.1, 3, 'HOY', '01-12-2015', 33, 0, 0, 65, 201.5),
(11, 3, 4.2, 3, 'HOY', '01-12-2015', 60, 0, 0, 66, 277.2),
(12, 18, 28.3, 3, 'HOY', '01-12-2015', 44, 0, 0, 67, 1896.1),
(13, 2, 3.4, 3, 'HOY', '01-12-2015', 12, 0, 0, 62, 210.8),
(14, 30, 52.2, 3, 'HOY', '02-12-2015', 44, 0, 0, 67, 3497.4),
(15, 9, 14.7, 3, 'HOY', '02-12-2015', 53, 0, 0, 67, 984.9),
(16, 3, 6.2, 3, 'DEVOLUCION', '02-12-2015', 51, 0, 0, 66, 409.2),
(17, 5, 6.5, 3, 'DEVOLUCION', '02-12-2015', 17, 0, 0, 66, 429),
(18, 5, 7, 3, 'DEVOLUCION', '02-12-2015', 18, 0, 0, 66, 462),
(19, 4, 3.7, 3, 'DEVOLUCION', '02-12-2015', 59, 0, 0, 66, 244.2),
(20, 2, 3.5, 3, 'DEVOLUCION', '02-12-2015', 50, 0, 0, 65, 227.5),
(21, 7, 12.8, 3, 'DEVOLUCION', '02-12-2015', 72, 0, 0, 66, 844.8),
(22, 7, 55.6, 1, 'DEVOLUCION', '02-12-2015', 22, 0, 0, 39, 2168.4),
(23, 3, 17.7, 1, 'DEVOLUCION', '02-12-2015', 15, 0, 0, 40, 708),
(24, 2, 15.4, 1, 'DEVOLUCION', '02-12-2015', 22, 0, 0, 39, 600.6),
(25, 11, 96.9, 1, 'HOY', '02-12-2015', 12, 0, 0, 41, 3972.9),
(26, 9, 74.2, 1, 'HOY', '02-12-2015', 9, 0, 0, 40, 2968),
(27, 7, 13.2, 3, 'HOY', '02-12-2015', 12, 0, 0, 62, 818.4),
(28, 1, 5.2, 9, 'HOY', '02-12-2015', 47, 0, 0, 43, 223.6),
(29, 11, 13.7, 3, 'DEVOLUCION', '02-12-2015', 43, 0, 0, 66, 904.2),
(30, 22, 35.9, 3, 'HOY', '02-12-2015', 11, 0, 0, 63, 2261.7),
(31, 10, 12.1, 3, 'HOY', '02-12-2015', 38, 0, 0, 66, 798.6),
(32, 1, 6.6, 1, 'HOY', '02-12-2015', 31, 0, 0, 39, 257.4),
(33, 3, 22.9, 1, 'DEVOLUCION', '03-12-2015', 22, 0, 0, 39, 893.1),
(34, 4, 32.2, 1, 'HOY', '03-12-2015', 22, 0, 0, 39, 1255.8),
(35, 2, 14, 1, 'DEVOLUCION', '03-12-2015', 17, 0, 0, 40, 560),
(36, 1, 8.4, 1, 'DEVOLUCION', '03-12-2015', 14, 0, 0, 42, 352.8),
(37, 2, 2.2, 3, 'DEVOLUCION', '03-12-2015', 29, 0, 0, 66, 145.2),
(38, 1, 1.3, 3, 'DEVOLUCION', '03-12-2015', 73, 0, 0, 65, 84.5),
(39, 4, 7.7, 3, 'DEVOLUCION', '03-12-2015', 79, 0, 0, 67, 515.9),
(40, 10, 18.5, 3, 'DEVOLUCION', '03-12-2015', 65, 0, 0, 66, 1221),
(41, 4, 5.2, 3, 'DEVOLUCION', '03-12-2015', 49, 0, 0, 66, 343.2),
(42, 3, 5, 3, 'DEVOLUCION', '03-12-2015', 57, 0, 0, 66, 330),
(43, 1, 1.6, 3, 'DEVOLUCION', '03-12-2015', 66, 0, 0, 66, 105.6),
(44, 4, 7.6, 3, 'DEVOLUCION', '03-12-2015', 51, 0, 0, 66, 501.6),
(45, 8, 12.4, 3, 'DEVOLUCION', '03-12-2015', 53, 0, 0, 67, 830.8),
(46, 26, 262, 1, 'HOY', '03-12-2015', 9, 0, 0, 40, 10480),
(47, 24, 210, 1, 'HOY', '03-12-2015', 12, 0, 0, 41, 8610),
(48, 9, 15.4, 3, 'HOY', '03-12-2015', 12, 0, 0, 62, 954.8),
(49, 4, 21.5, 9, 'HOY', '03-12-2015', 12, 0, 0, 43, 924.5),
(50, 10, 12.7, 3, 'DEVOLUCION', '03-12-2015', 10, 0, 0, 66, 838.2),
(51, 10, 17.4, 3, 'DEVOLUCION', '03-12-2015', 42, 0, 0, 66, 1148.4),
(52, 6, 39.5, 1, 'DEVOLUCION', '04-12-2015', 22, 0, 0, 39, 1540.5),
(53, 3, 24.5, 1, 'DEVOLUCION', '04-12-2015', 22, 0, 0, 39, 955.5),
(54, 2, 14.8, 1, 'DEVOLUCION', '04-12-2015', 18, 0, 0, 39, 577.2),
(55, 1, 1.8, 3, 'HOY', '04-12-2015', 58, 0, 0, 66, 118.8),
(56, 2, 3.8, 3, 'HOY', '04-12-2015', 66, 0, 0, 66, 250.8),
(57, 2, 3.3, 3, 'HOY', '04-12-2015', 51, 0, 0, 66, 217.8),
(58, 11, 21.6, 3, 'HOY', '04-12-2015', 18, 0, 0, 66, 1425.6),
(59, 2, 3.2, 3, 'HOY', '04-12-2015', 53, 0, 0, 67, 214.4),
(60, 6, 9.8, 3, 'DEVOLUCION', '04-12-2015', 71, 0, 0, 65, 637),
(61, 2, 16.3, 1, 'HOY', '04-12-2015', 11, 0, 0, 41, 668.3),
(62, 5, 37.8, 1, 'DEVOLUCION', '04-12-2015', 12, 0, 0, 41, 1549.8),
(63, 2, 16.5, 1, 'HOY', '04-12-2015', 12, 0, 0, 41, 676.5),
(64, 5, 7.2, 3, 'HOY', '04-12-2015', 46, 0, 0, 66, 475.2),
(65, 3, 4.8, 3, 'HOY', '04-12-2015', 12, 0, 0, 62, 297.6),
(66, 10, 70.7, 1, 'DEVOLUCION', '05-12-2015', 22, 0, 0, 39, 2757.3),
(67, 5, 38.5, 1, 'HOY', '05-12-2015', 22, 0, 0, 39, 1501.5),
(68, 1, 6.4, 1, 'HOY', '05-12-2015', 18, 0, 0, 39, 249.6),
(69, 3, 22.2, 1, 'HOY', '05-12-2015', 11, 0, 0, 41, 910.2),
(70, 1, 7.8, 1, 'HOY', '05-12-2015', 12, 0, 0, 41, 319.8),
(71, 8, 13.8, 3, 'DEVOLUCION', '05-12-2015', 72, 0, 0, 66, 910.8),
(72, 4, 5.2, 3, 'DEVOLUCION', '05-12-2015', 51, 0, 0, 66, 343.2),
(73, 19, 38.6, 3, 'DEVOLUCION', '05-12-2015', 22, 0, 0, 65, 2509),
(74, 9, 15.1, 3, 'DEVOLUCION', '05-12-2015', 57, 0, 0, 66, 996.6),
(75, 9, 14.9, 3, 'DEVOLUCION', '05-12-2015', 79, 0, 0, 67, 998.3),
(76, 1, 1.6, 3, 'DEVOLUCION', '05-12-2015', 60, 0, 0, 66, 105.6),
(77, 2, 4.4, 3, 'DEVOLUCION', '05-12-2015', 66, 0, 0, 66, 290.4),
(78, 4, 6.9, 3, 'DEVOLUCION', '05-12-2015', 42, 0, 0, 66, 455.4),
(79, 3, 5, 3, 'DEVOLUCION', '05-12-2015', 38, 0, 0, 66, 330),
(80, 3, 2.7, 3, 'DEVOLUCION', '05-12-2015', 10, 0, 0, 66, 178.2),
(81, 2, 3.6, 3, 'DEVOLUCION', '05-12-2015', 46, 0, 0, 66, 237.6),
(82, 14, 21.8, 3, 'DEVOLUCION', '05-12-2015', 11, 0, 0, 63, 1373.4),
(83, 2, 16.3, 1, 'DEVOLUCION', '05-12-2015', 31, 0, 0, 39, 635.7),
(84, 1, 5.2, 9, 'HOY', '05-12-2015', 58, 0, 0, 46, 239.2),
(85, 10, 29.6, 9, 'DEVOLUCION', '09-12-2015', 11, 0, 0, 42, 1243.2),
(86, 3, 14.9, 9, 'DEVOLUCION', '09-12-2015', 47, 0, 0, 43, 640.7),
(87, 1, 1.6, 3, 'DEVOLUCION', '09-12-2015', 46, 0, 0, 66, 105.6),
(88, 6, 8.7, 3, 'HOY', '09-12-2015', 11, 0, 0, 63, 548.1),
(89, 8, 59.2, 1, 'HOY', '09-12-2015', 12, 0, 0, 41, 2427.2),
(90, 3, 4, 29, 'HOY', '09-12-2015', 48, 0, 0, 25, 100),
(91, 5, 8.2, 3, 'DEVOLUCION', '09-12-2015', 71, 0, 0, 65, 533),
(92, 6, 41, 1, 'DEVOLUCION', '09-12-2015', 68, 0, 0, 41, 1681),
(93, 5, 5.3, 3, 'DEVOLUCION', '09-12-2015', 60, 0, 0, 66, 349.8),
(94, 7, 10.7, 3, 'DEVOLUCION', '09-12-2015', 18, 0, 0, 66, 706.2),
(95, 1, 1.7, 3, 'DEVOLUCION', '09-12-2015', 73, 0, 0, 65, 110.5),
(96, 11, 19.9, 3, 'DEVOLUCION', '09-12-2015', 50, 0, 0, 65, 1293.5),
(97, 7, 9.8, 3, 'DEVOLUCION', '09-12-2015', 57, 0, 0, 66, 646.8),
(98, 3, 4.9, 3, 'DEVOLUCION', '09-12-2015', 65, 0, 0, 66, 323.4),
(99, 8, 12.2, 3, 'DEVOLUCION', '09-12-2015', 72, 0, 0, 66, 805.2),
(100, 4, 24.9, 1, 'HOY', '09-12-2015', 54, 0, 0, 40, 996),
(101, 1, 7.2, 1, 'HOY', '10-12-2015', 75, 0, 0, 41, 295.2),
(102, 8, 13.2, 3, 'HOY', '10-12-2015', 58, 0, 0, 66, 871.2),
(103, 2, 1.3, 3, 'HOY', '10-12-2015', 60, 0, 0, 66, 85.8),
(104, 6, 9.9, 3, 'DEVOLUCION', '10-12-2015', 33, 0, 0, 65, 643.5),
(105, 3, 5.9, 3, 'DEVOLUCION', '10-12-2015', 79, 0, 0, 67, 395.3),
(106, 10, 77.3, 1, 'HOY', '11-12-2015', 12, 0, 0, 41, 3169.3),
(107, 1, 6.7, 1, 'HOY', '11-12-2015', 11, 0, 0, 41, 274.7),
(108, 6, 44.3, 1, 'DEVOLUCION', '11-12-2015', 22, 0, 0, 39, 1727.7),
(109, 3, 21.3, 1, 'DEVOLUCION', '11-12-2015', 18, 0, 0, 39, 830.7),
(110, 3, 20.8, 1, 'HOY', '11-12-2015', 17, 0, 0, 40, 832),
(111, 2, 3.4, 3, 'HOY', '11-12-2015', 46, 0, 0, 66, 224.4),
(112, 3, 4.9, 3, 'HOY', '11-12-2015', 48, 0, 0, 66, 323.4),
(113, 5, 6.4, 3, 'HOY', '11-12-2015', 12, 0, 0, 62, 396.8),
(114, 1, 1.1, 3, 'HOY', '11-12-2015', 43, 0, 0, 66, 72.6),
(115, 4, 5.6, 3, 'HOY', '11-12-2015', 65, 0, 0, 66, 369.6),
(116, 1, 1.4, 3, 'HOY', '11-12-2015', 58, 0, 0, 66, 92.4),
(117, 5, 6.9, 3, 'HOY', '11-12-2015', 17, 0, 0, 66, 455.4),
(118, 2, 3.8, 3, 'HOY', '11-12-2015', 51, 0, 0, 66, 250.8),
(119, 3, 4.9, 3, 'HOY', '11-12-2015', 50, 0, 0, 65, 318.5),
(120, 6, 7.3, 3, 'HOY', '11-12-2015', 53, 0, 0, 67, 489.1),
(121, 3, 5.3, 3, 'HOY', '11-12-2015', 18, 0, 0, 66, 349.8),
(122, 4, 6, 3, 'HOY', '11-12-2015', 66, 0, 0, 66, 396),
(123, 1, 1.1, 3, 'HOY', '11-12-2015', 59, 0, 0, 66, 72.6),
(124, 12, 20, 3, 'HOY', '11-12-2015', 72, 0, 0, 66, 1320),
(125, 5, 38.1, 1, 'DEVOLUCION', '15-12-2015', 22, 0, 0, 39, 1485.9),
(126, 2, 2.4, 3, 'DEVOLUCION', '15-12-2015', 64, 0, 0, 67, 160.8),
(127, 1, 7.8, 1, 'DEVOLUCION', '15-12-2015', 31, 0, 0, 40, 312),
(128, 24, 82.1, 9, 'HOY', '15-12-2015', 22, 5, 2.3, 46, 3776.6),
(129, 2, 13.2, 1, 'HOY', '15-12-2015', 18, 0, 0, 39, 514.8),
(130, 8, 11.5, 3, 'HOY', '15-12-2015', 18, 0, 0, 66, 759),
(131, 10, 16.1, 3, 'HOY', '15-12-2015', 53, 0, 0, 67, 1078.7),
(132, 1, 1.9, 3, 'HOY', '15-12-2015', 66, 0, 0, 66, 125.4),
(133, 3, 3.1, 3, 'HOY', '15-12-2015', 59, 0, 0, 66, 204.6),
(134, 3, 5, 3, 'HOY', '15-12-2015', 51, 0, 0, 66, 330),
(135, 7, 13.2, 3, 'HOY', '15-12-2015', 72, 0, 0, 66, 871.2),
(136, 7, 53, 1, 'HOY', '15-12-2015', 12, 0, 0, 41, 2173),
(137, 6, 7.5, 3, 'HOY', '15-12-2015', 12, 0, 0, 62, 465),
(138, 4, 34.7, 1, 'DEVOLUCION', '16-12-2015', 22, 0, 0, 39, 1353.3),
(139, 2, 14.6, 1, 'HOY', '16-12-2015', 22, 0, 0, 39, 569.4),
(140, 4, 7.1, 3, 'DEVOLUCION', '16-12-2015', 16, 0, 0, 66, 468.6),
(141, 11, 13.3, 3, 'HOY', '16-12-2015', 59, 0, 0, 66, 877.8),
(142, 6, 10.6, 3, 'HOY', '16-12-2015', 53, 0, 0, 67, 710.2),
(143, 8, 8.5, 3, 'HOY', '16-12-2015', 60, 0, 0, 66, 561),
(144, 6, 9.5, 3, 'DEVOLUCION', '16-12-2015', 33, 0, 0, 65, 617.5),
(145, 1, 1.6, 3, 'DEVOLUCION', '16-12-2015', 65, 0, 0, 66, 105.6),
(146, 1, 1.5, 3, 'DEVOLUCION', '16-12-2015', 73, 0, 0, 65, 97.5),
(147, 4, 5.9, 3, 'HOY', '16-12-2015', 72, 0, 0, 66, 389.4),
(148, 3, 21.3, 1, 'DEVOLUCION', '16-12-2015', 68, 0, 0, 41, 873.3),
(149, 6, 43, 1, 'DEVOLUCION', '16-12-2015', 9, 0, 0, 40, 1720),
(150, 6, 6.9, 3, 'DEVOLUCION', '16-12-2015', 10, 0, 0, 66, 455.4),
(151, 8, 8.4, 3, 'HOY', '16-12-2015', 11, 0, 0, 63, 529.2),
(152, 14, 16.2, 3, 'HOY', '16-12-2015', 12, 0, 0, 62, 1004.4),
(153, 4, 29.9, 1, 'DEVOLUCION', '17-12-2015', 22, 0, 0, 39, 1166.1),
(154, 15, 56.8, 7, 'DEVOLUCION', '17-12-2015', 74, 0, 0, 24, 1363.2),
(155, 5, 6.6, 3, 'HOY', '17-12-2015', 66, 0, 0, 66, 435.6),
(156, 3, 6.4, 3, 'HOY', '17-12-2015', 51, 0, 0, 66, 422.4),
(157, 8, 10.1, 3, 'HOY', '17-12-2015', 17, 0, 0, 66, 666.6),
(158, 5, 7.9, 3, 'HOY', '17-12-2015', 18, 0, 0, 66, 521.4),
(159, 2, 3.1, 3, 'HOY', '17-12-2015', 58, 0, 0, 66, 204.6),
(160, 10, 15.1, 3, 'HOY', '17-12-2015', 53, 0, 0, 67, 1011.7),
(161, 7, 12.7, 3, 'HOY', '17-12-2015', 71, 0, 0, 65, 825.5),
(162, 3, 3.3, 3, 'HOY', '17-12-2015', 46, 0, 0, 66, 217.8),
(163, 3, 3.7, 3, 'DEVOLUCION', '17-12-2015', 12, 0, 0, 62, 229.4),
(164, 3, 3.9, 3, 'DEVOLUCION', '17-12-2015', 10, 0, 0, 66, 257.4),
(165, 4, 4.1, 3, 'DEVOLUCION', '17-12-2015', 42, 0, 0, 66, 270.6),
(166, 5, 36.1, 1, 'HOY', '17-12-2015', 12, 0, 0, 41, 1480.1),
(167, 1, 1, 29, 'HOY', '17-12-2015', 48, 0, 0, 25, 25),
(168, 4, 28.2, 1, 'DEVOLUCION', '18-12-2015', 22, 0, 0, 39, 1099.8),
(169, 2, 14.1, 1, 'DEVOLUCION', '18-12-2015', 17, 0, 0, 40, 564),
(170, 4, 4.5, 3, 'DEVOLUCION', '18-12-2015', 17, 0, 0, 66, 297),
(171, 6, 6.8, 3, 'HOY', '18-12-2015', 38, 0, 0, 66, 448.8),
(172, 1, 8, 1, 'HOY', '18-12-2015', 11, 0, 0, 41, 328),
(173, 7, 53.6, 1, 'HOY', '18-12-2015', 12, 0, 0, 41, 2197.6),
(174, 3, 22.7, 1, 'HOY', '19-12-2015', 12, 0, 0, 41, 930.7),
(175, 3, 4.4, 3, 'HOY', '19-12-2015', 46, 0, 0, 66, 290.4),
(176, 14, 18.9, 3, 'HOY', '19-12-2015', 11, 0, 0, 63, 1190.7),
(177, 2, 2.9, 3, 'HOY', '19-12-2015', 10, 0, 0, 66, 191.4),
(178, 1, 1.7, 3, 'HOY', '19-12-2015', 43, 0, 0, 66, 112.2),
(179, 3, 3.2, 3, 'HOY', '19-12-2015', 38, 0, 0, 66, 211.2),
(180, 2, 2.3, 3, 'HOY', '19-12-2015', 12, 0, 0, 62, 142.6),
(181, 3, 20.8, 1, 'HOY', '19-12-2015', 22, 0, 0, 39, 811.2),
(182, 2, 17.2, 1, 'HOY', '19-12-2015', 22, 0, 0, 39, 670.8),
(183, 3, 5.4, 3, 'HOY', '19-12-2015', 22, 0, 0, 65, 351),
(184, 5, 6.8, 3, 'HOY', '19-12-2015', 71, 0, 0, 65, 442),
(185, 1, 1.6, 3, 'HOY', '19-12-2015', 53, 0, 0, 67, 107.2),
(186, 5, 7.3, 3, 'HOY', '19-12-2015', 51, 0, 0, 66, 481.8),
(187, 1, 7.4, 1, 'DEVOLUCION', '21-12-2015', 17, 0, 0, 40, 296),
(188, 3, 21.6, 1, 'DEVOLUCION', '21-12-2015', 15, 0, 0, 40, 864),
(189, 5, 38.2, 1, 'DEVOLUCION', '21-12-2015', 22, 0, 0, 39, 1489.8),
(190, 1, 6.4, 1, 'DEVOLUCION', '21-12-2015', 16, 0, 0, 40, 256),
(191, 6, 7.3, 3, 'DEVOLUCION', '21-12-2015', 64, 0, 0, 67, 489.1),
(192, 16, 21.4, 3, 'DEVOLUCION', '21-12-2015', 50, 0, 0, 65, 1391),
(193, 7, 8.8, 3, 'HOY', '21-12-2015', 66, 0, 0, 66, 580.8),
(194, 3, 4.2, 3, 'HOY', '21-12-2015', 22, 0, 0, 65, 273),
(195, 2, 2.2, 3, 'HOY', '21-12-2015', 57, 0, 0, 66, 145.2),
(196, 1, 1.1, 3, 'HOY', '21-12-2015', 59, 0, 0, 66, 72.6),
(197, 1, 2, 3, 'HOY', '21-12-2015', 49, 0, 0, 66, 132),
(198, 10, 14.5, 3, 'HOY', '21-12-2015', 72, 0, 0, 66, 957),
(199, 8, 12.5, 3, 'HOY', '21-12-2015', 53, 0, 0, 67, 837.5),
(200, 2, 16.3, 1, 'HOY', '21-12-2015', 22, 0, 0, 39, 635.7),
(201, 1, 8.1, 1, 'HOY', '21-12-2015', 11, 0, 0, 41, 332.1),
(202, 6, 6.6, 3, 'HOY', '21-12-2015', 10, 0, 0, 66, 435.6),
(203, 1, 0.95, 3, 'HOY', '21-12-2015', 48, 0, 0, 66, 62.7),
(204, 3, 4.3, 3, 'HOY', '21-12-2015', 45, 0, 0, 66, 283.8),
(205, 1, 4.8, 11, 'HOY', '21-12-2015', 47, 0, 0, 43, 206.4),
(206, 2, 3.1, 3, 'HOY', '21-12-2015', 46, 0, 0, 66, 204.6),
(207, 4, 5.2, 3, 'HOY', '21-12-2015', 11, 0, 0, 63, 327.6),
(208, 5, 5.7, 3, 'HOY', '21-12-2015', 11, 0, 0, 63, 359.1),
(209, 1, 7.1, 1, 'HOY', '22-12-2015', 11, 0, 0, 41, 291.1),
(210, 5, 39, 1, 'HOY', '22-12-2015', 12, 0, 0, 41, 1599),
(211, 2, 2.1, 3, 'DEVOLUCION', '22-12-2015', 45, 0, 0, 66, 138.6),
(212, 5, 17.4, 9, 'DEVOLUCION', '22-12-2015', 47, 0, 0, 43, 748.2),
(213, 5, 5.7, 3, 'DEVOLUCION', '22-12-2015', 65, 0, 0, 66, 376.2),
(214, 5, 9.4, 3, 'DEVOLUCION', '22-12-2015', 44, 0, 0, 67, 629.8),
(215, 10, 13.7, 3, 'HOY', '22-12-2015', 44, 0, 0, 67, 917.9),
(216, 3, 21.9, 1, 'DEVOLUCION', '22-12-2015', 17, 0, 0, 40, 876),
(217, 6, 8, 3, 'DEVOLUCION', '22-12-2015', 50, 0, 0, 65, 520),
(218, 5, 6.8, 3, 'DEVOLUCION', '22-12-2015', 53, 0, 0, 67, 455.6),
(219, 5, 5.8, 3, 'DEVOLUCION', '22-12-2015', 72, 0, 0, 66, 382.8),
(220, 10, 73.9, 1, 'DEVOLUCION', '28-12-2015', 22, 0, 0, 39, 2882.1),
(221, 6, 7.2, 3, 'DEVOLUCION', '28-12-2015', 17, 0, 0, 66, 475.2),
(222, 5, 8.1, 3, 'DEVOLUCION', '28-12-2015', 64, 0, 0, 67, 542.7),
(223, 2, 1.9, 3, 'DEVOLUCION', '28-12-2015', 33, 0, 0, 65, 123.5),
(224, 1, 8.6, 1, 'DEVOLUCION', '28-12-2015', 17, 0, 0, 40, 344),
(225, 3, 17.7, 1, 'DEVOLUCION', '28-12-2015', 18, 0, 0, 39, 690.3),
(226, 9, 13.7, 3, 'DEVOLUCION', '28-12-2015', 44, 0, 0, 67, 917.9),
(227, 2, 1.9, 3, 'DEVOLUCION', '28-12-2015', 58, 0, 0, 66, 125.4),
(228, 5, 4.4, 3, 'DEVOLUCION', '28-12-2015', 60, 0, 0, 66, 290.4),
(229, 5, 7.3, 3, 'DEVOLUCION', '28-12-2015', 71, 0, 0, 65, 474.5),
(230, 11, 12.6, 3, 'DEVOLUCION', '28-12-2015', 53, 0, 0, 67, 844.2),
(231, 2, 2.6, 3, 'DEVOLUCION', '28-12-2015', 72, 0, 0, 66, 171.6),
(232, 5, 71, 3, 'DEVOLUCION', '28-12-2015', 66, 0, 0, 66, 4686);

-- --------------------------------------------------------

--
-- Table structure for table `inventario`
--

CREATE TABLE IF NOT EXISTS `inventario` (
  `id_inventario` int(11) NOT NULL AUTO_INCREMENT,
  `id_tipo_carne` int(11) DEFAULT NULL,
  `cantidad_kg` double DEFAULT NULL,
  `cantidad_piezas` int(11) DEFAULT NULL,
  `lote` int(11) NOT NULL,
  `comentario` varchar(45) DEFAULT NULL,
  `fecha` varchar(45) DEFAULT NULL,
  PRIMARY KEY (`id_inventario`),
  KEY `fk_tipo_carne_idx` (`id_tipo_carne`)
) ENGINE=InnoDB  DEFAULT CHARSET=latin1 AUTO_INCREMENT=8 ;

--
-- Dumping data for table `inventario`
--

INSERT INTO `inventario` (`id_inventario`, `id_tipo_carne`, `cantidad_kg`, `cantidad_piezas`, `lote`, `comentario`, `fecha`) VALUES
(1, 32, 0, 0, 0, NULL, NULL),
(2, 33, 0, 0, 0, NULL, NULL),
(3, 34, 0, 0, 0, NULL, NULL),
(4, 35, 0, 0, 0, NULL, NULL),
(5, 36, 0, 0, 0, NULL, NULL),
(6, 37, 0, 0, 0, NULL, NULL),
(7, 38, 0, 0, 0, NULL, NULL);

-- --------------------------------------------------------

--
-- Table structure for table `inventario_camaras`
--

CREATE TABLE IF NOT EXISTS `inventario_camaras` (
  `id_historial` int(11) NOT NULL AUTO_INCREMENT,
  `id_camara` int(11) DEFAULT NULL,
  `id_tipo_carne` int(11) DEFAULT NULL,
  `num_piezas` int(11) DEFAULT NULL,
  `lote` int(11) DEFAULT NULL,
  `estibas` int(11) DEFAULT NULL,
  `tarimas` int(11) DEFAULT NULL,
  `proveedor` int(11) DEFAULT NULL,
  PRIMARY KEY (`id_historial`)
) ENGINE=InnoDB DEFAULT CHARSET=latin1 AUTO_INCREMENT=1 ;

-- --------------------------------------------------------

--
-- Table structure for table `pantallas`
--

CREATE TABLE IF NOT EXISTS `pantallas` (
  `id_pantalla` int(11) NOT NULL AUTO_INCREMENT,
  `pantalla` varchar(45) DEFAULT NULL,
  `funcionalidad` varchar(200) DEFAULT NULL,
  `sistema` varchar(45) DEFAULT NULL,
  PRIMARY KEY (`id_pantalla`)
) ENGINE=InnoDB  DEFAULT CHARSET=latin1 AUTO_INCREMENT=28 ;

--
-- Dumping data for table `pantallas`
--

INSERT INTO `pantallas` (`id_pantalla`, `pantalla`, `funcionalidad`, `sistema`) VALUES
(1, 'Venta Chuleta', NULL, 'Empacadora'),
(2, 'Ventas Otros Productos', NULL, 'Empacadora'),
(3, 'Imprimir Recibos Venta', NULL, 'Empacadora'),
(4, 'Devoluciones', NULL, 'Empacadora'),
(5, 'Proveedores', NULL, 'Empacadora'),
(6, 'Primera Pesada', NULL, 'Empacadora'),
(7, 'Inventario', NULL, 'Empacadora'),
(8, 'Pase Produccion', NULL, 'Empacadora'),
(9, 'Consulta Pase Produccion', NULL, 'Empacadora'),
(10, 'Meter a Camaras', NULL, 'Empacadora'),
(11, 'Inventario Camaras y Oreo', NULL, 'Empacadora'),
(12, 'Segunda Pesada', NULL, 'Empacadora'),
(13, 'DevolucionesAdministrador', NULL, 'Administrador'),
(14, 'Ventas Diarias', NULL, 'Administrador'),
(15, 'Resumen Ventas', NULL, 'Administrador'),
(16, 'Compras', NULL, 'Administrador'),
(17, 'Configuracion Usuarios', NULL, 'Administrador'),
(18, 'Configuracion Permisos', NULL, 'Administrador'),
(19, 'Configuracion Clientes', NULL, 'Administrador'),
(20, 'Configuracion Precios', NULL, 'Administrador'),
(21, 'Configuracion Proveedores', NULL, 'Administrador'),
(22, 'Configuracion Productos', NULL, 'Administrador'),
(23, 'Configuracion Taras', NULL, 'Administrador'),
(24, 'Login', NULL, 'Administrador'),
(25, 'Inventario Administrador', NULL, 'Administrador'),
(26, 'Sacar de Camaras', NULL, 'Empacadora'),
(27, 'Tercera Pesada', NULL, 'Empacadora');

-- --------------------------------------------------------

--
-- Table structure for table `pase_produccion`
--

CREATE TABLE IF NOT EXISTS `pase_produccion` (
  `id_pase_produccion` int(11) NOT NULL AUTO_INCREMENT,
  `id_tipo_carne` int(11) DEFAULT NULL,
  `num_piezas` int(11) DEFAULT NULL,
  `peso` float DEFAULT NULL,
  `fecha` varchar(45) DEFAULT NULL,
  `lote` int(11) NOT NULL,
  PRIMARY KEY (`id_pase_produccion`)
) ENGINE=InnoDB DEFAULT CHARSET=latin1 AUTO_INCREMENT=1 ;

-- --------------------------------------------------------

--
-- Table structure for table `permisos`
--

CREATE TABLE IF NOT EXISTS `permisos` (
  `id_permiso` int(11) NOT NULL AUTO_INCREMENT,
  `id_usuario` int(11) DEFAULT NULL,
  `id_pantalla` int(11) DEFAULT NULL,
  `ver` int(11) DEFAULT NULL,
  PRIMARY KEY (`id_permiso`),
  KEY `id_usuario_idx` (`id_usuario`),
  KEY `id_pantalla_idx` (`id_pantalla`),
  KEY `id_usuario_idx1` (`id_usuario`,`id_pantalla`)
) ENGINE=InnoDB  DEFAULT CHARSET=latin1 AUTO_INCREMENT=185 ;

--
-- Dumping data for table `permisos`
--

INSERT INTO `permisos` (`id_permiso`, `id_usuario`, `id_pantalla`, `ver`) VALUES
(77, 11, 1, 1),
(78, 11, 2, 1),
(79, 11, 3, 1),
(80, 11, 4, 1),
(81, 11, 5, 1),
(82, 11, 6, 1),
(83, 11, 7, 1),
(84, 11, 8, 1),
(85, 11, 9, 1),
(86, 11, 10, 1),
(87, 11, 11, 1),
(88, 11, 12, 1),
(89, 11, 13, 1),
(90, 11, 14, 1),
(91, 11, 15, 1),
(92, 11, 16, 1),
(93, 11, 17, 1),
(94, 11, 18, 1),
(95, 11, 19, 1),
(96, 11, 20, 1),
(97, 11, 21, 1),
(98, 11, 22, 1),
(99, 11, 23, 1),
(100, 11, 24, 1),
(101, 11, 25, 1),
(102, 11, 26, 1),
(103, 12, 1, 1),
(104, 12, 2, 1),
(105, 12, 3, 0),
(106, 12, 4, 1),
(107, 12, 5, 1),
(108, 12, 6, 0),
(109, 12, 7, 1),
(110, 12, 8, 0),
(111, 12, 9, 0),
(112, 12, 10, 0),
(113, 12, 11, 1),
(114, 12, 12, 0),
(115, 12, 13, 0),
(116, 12, 14, 0),
(117, 12, 15, 1),
(118, 12, 16, 1),
(119, 12, 17, 0),
(120, 12, 18, 0),
(121, 12, 19, 0),
(122, 12, 20, 0),
(123, 12, 21, 0),
(124, 12, 22, 0),
(125, 12, 23, 0),
(126, 12, 24, 1),
(127, 12, 25, 0),
(128, 12, 26, 0),
(129, 11, 27, 1),
(130, 12, 27, 0),
(131, 13, 1, 0),
(132, 13, 2, 0),
(133, 13, 3, 0),
(134, 13, 4, 0),
(135, 13, 5, 0),
(136, 13, 6, 1),
(137, 13, 7, 0),
(138, 13, 8, 0),
(139, 13, 9, 0),
(140, 13, 10, 0),
(141, 13, 11, 0),
(142, 13, 12, 0),
(143, 13, 13, 0),
(144, 13, 14, 0),
(145, 13, 15, 0),
(146, 13, 16, 0),
(147, 13, 17, 0),
(148, 13, 18, 0),
(149, 13, 19, 0),
(150, 13, 20, 0),
(151, 13, 21, 0),
(152, 13, 22, 0),
(153, 13, 23, 0),
(154, 13, 24, 0),
(155, 13, 25, 0),
(156, 13, 26, 0),
(157, 13, 27, 0),
(158, 14, 1, 1),
(159, 14, 2, 1),
(160, 14, 3, 1),
(161, 14, 4, 1),
(162, 14, 5, 1),
(163, 14, 6, 1),
(164, 14, 7, 1),
(165, 14, 8, 1),
(166, 14, 9, 1),
(167, 14, 10, 1),
(168, 14, 11, 1),
(169, 14, 12, 1),
(170, 14, 13, 1),
(171, 14, 14, 1),
(172, 14, 15, 1),
(173, 14, 16, 1),
(174, 14, 17, 1),
(175, 14, 18, 1),
(176, 14, 19, 1),
(177, 14, 20, 1),
(178, 14, 21, 1),
(179, 14, 22, 1),
(180, 14, 23, 1),
(181, 14, 24, 1),
(182, 14, 25, 1),
(183, 14, 26, 1),
(184, 14, 27, 1);

-- --------------------------------------------------------

--
-- Table structure for table `pesadas`
--

CREATE TABLE IF NOT EXISTS `pesadas` (
  `id_pesada` int(11) NOT NULL AUTO_INCREMENT,
  `id_tipo_carne` int(11) DEFAULT NULL,
  `num_piezas` int(11) DEFAULT NULL,
  `peso_inicial` float DEFAULT NULL,
  `fecha` varchar(45) DEFAULT NULL,
  `peso_final` float DEFAULT NULL,
  `merma` float DEFAULT NULL,
  `id_tara` int(11) DEFAULT NULL,
  PRIMARY KEY (`id_pesada`),
  KEY `tipo_carne_fk_idx` (`id_tipo_carne`),
  KEY `tara_fk_idx` (`id_tara`)
) ENGINE=InnoDB DEFAULT CHARSET=latin1 AUTO_INCREMENT=1 ;

-- --------------------------------------------------------

--
-- Table structure for table `precios`
--

CREATE TABLE IF NOT EXISTS `precios` (
  `id_precio` int(11) NOT NULL AUTO_INCREMENT,
  `id_cliente` int(11) DEFAULT NULL,
  `id_tipo_carne` int(11) DEFAULT NULL,
  `precio` float DEFAULT NULL,
  PRIMARY KEY (`id_precio`),
  KEY `cliente_fk_idx` (`id_cliente`),
  KEY `tipo_carne_fk_idx` (`id_tipo_carne`)
) ENGINE=InnoDB  DEFAULT CHARSET=latin1 AUTO_INCREMENT=209 ;

--
-- Dumping data for table `precios`
--

INSERT INTO `precios` (`id_precio`, `id_cliente`, `id_tipo_carne`, `precio`) VALUES
(3, 64, 3, 66),
(4, 42, 3, 67),
(5, 12, 1, 44),
(6, 12, 3, 65),
(7, 12, 9, 44),
(8, 12, 11, 44),
(9, 11, 1, 44),
(10, 11, 3, 65),
(11, 11, 7, 25),
(12, 11, 8, 25),
(14, 10, 1, 43),
(15, 10, 3, 68),
(16, 38, 3, 67),
(20, 43, 3, 66),
(21, 9, 1, 43),
(22, 9, 3, 67),
(23, 45, 3, 66),
(24, 46, 3, 68),
(25, 47, 9, 44),
(26, 47, 11, 44),
(27, 48, 3, 68),
(28, 48, 29, 25),
(29, 49, 3, 66),
(30, 29, 1, 42),
(31, 29, 3, 67),
(32, 15, 1, 41),
(33, 50, 3, 68),
(34, 50, 9, 48),
(35, 33, 3, 68),
(36, 14, 1, 42),
(37, 51, 3, 68),
(38, 18, 1, 41),
(39, 18, 3, 68),
(40, 18, 9, 47),
(41, 18, 11, 46),
(42, 18, 5, 36),
(43, 16, 1, 42),
(44, 16, 3, 68),
(45, 17, 1, 42),
(46, 17, 3, 69),
(47, 53, 3, 68),
(48, 54, 1, 42),
(49, 54, 3, 67),
(50, 22, 1, 42),
(51, 22, 3, 66),
(52, 22, 9, 46),
(53, 22, 11, 46),
(54, 56, 3, 66),
(55, 57, 3, 69),
(56, 58, 3, 68),
(57, 59, 3, 66),
(58, 59, 9, 47),
(59, 60, 3, 69),
(60, 44, 3, 67),
(61, 21, 1, 42),
(62, 21, 3, 66),
(63, 21, 9, 46),
(64, 63, 1, 41),
(65, 65, 3, 68),
(66, 66, 1, 40),
(67, 66, 3, 67),
(68, 67, 1, 42),
(69, 67, 3, 66),
(70, 67, 9, 46),
(71, 68, 1, 41),
(72, 69, 1, 41),
(73, 69, 3, 66),
(74, 69, 11, 46),
(75, 69, 7, 24),
(76, 69, 8, 24),
(77, 71, 3, 67),
(78, 72, 3, 69),
(79, 73, 3, 68),
(80, 74, 29, 25),
(81, 74, 11, 44),
(82, 74, 15, 30),
(83, 74, 7, 28),
(84, 74, 8, 28),
(85, 74, 14, 36),
(86, 74, 28, 35),
(87, 75, 1, 42),
(88, 25, 1, 41),
(89, 25, 3, 61),
(90, 25, 9, 44),
(91, 25, 11, 44),
(92, 25, 7, 24),
(93, 25, 8, 24),
(94, 25, 5, 34),
(95, 25, 28, 35),
(96, 25, 14, 36),
(97, 76, 3, 66),
(98, 76, 9, 45),
(99, 76, 7, 28),
(100, 76, 8, 28),
(101, 13, 1, 41),
(102, 30, 1, 41),
(103, 30, 3, 66),
(104, 30, 9, 45),
(105, 78, 3, 66),
(106, 78, 9, 47),
(107, 79, 3, 67),
(108, 82, 1, 43),
(109, 82, 3, 66),
(110, 82, 9, 45),
(111, 82, 11, 48),
(112, 26, 1, 43),
(113, 26, 3, 66),
(114, 26, 9, 46),
(115, 26, 11, 50),
(116, 84, 1, 43),
(117, 84, 3, 65),
(118, 85, 1, 43),
(119, 85, 3, 66),
(120, 83, 29, 50),
(121, 11, 9, 44),
(122, 11, 11, 44),
(123, 12, 7, 25),
(124, 12, 8, 25),
(125, 12, 5, 32),
(126, 12, 28, 38),
(127, 12, 14, 34),
(128, 19, 1, 46),
(129, 19, 2, 51),
(130, 19, 3, 66),
(131, 19, 16, 68),
(132, 19, 18, 30),
(133, 19, 34, 34),
(134, 19, 35, 44),
(135, 19, 5, 38),
(136, 19, 17, 40),
(137, 22, 5, 35),
(138, 23, 1, 41),
(139, 23, 3, 60),
(140, 23, 32, 45),
(141, 23, 12, 46),
(142, 23, 7, 26),
(143, 23, 8, 26),
(144, 23, 5, 30),
(145, 23, 14, 36),
(146, 24, 1, 42),
(147, 24, 3, 58),
(148, 24, 9, 40),
(149, 24, 12, 42),
(150, 24, 7, 25),
(151, 24, 8, 25),
(152, 24, 31, 35),
(153, 24, 11, 46),
(154, 24, 15, 23),
(155, 24, 14, 36),
(156, 24, 5, 29),
(157, 30, 5, 35),
(158, 31, 1, 42),
(159, 32, 1, 40),
(160, 32, 3, 57),
(161, 32, 12, 42),
(162, 32, 7, 23),
(163, 32, 8, 23),
(164, 32, 5, 30),
(165, 33, 1, 44),
(166, 35, 1, 42),
(167, 35, 3, 64),
(168, 35, 9, 46),
(169, 35, 7, 26),
(170, 35, 8, 26),
(171, 35, 5, 32),
(172, 36, 1, 41),
(173, 37, 7, 23),
(174, 42, 1, 41),
(175, 47, 29, 25),
(176, 49, 1, 41),
(177, 67, 11, 45),
(178, 67, 7, 26),
(179, 67, 8, 26),
(180, 74, 9, 44),
(181, 77, 15, 35),
(182, 77, 3, 66),
(183, 77, 9, 45),
(184, 77, 11, 44),
(185, 77, 5, 31),
(186, 77, 14, 35),
(187, 81, 1, 42),
(188, 87, 9, 46),
(189, 88, 7, 25),
(190, 88, 8, 25),
(191, 89, 3, 67),
(192, 90, 1, 42),
(193, 90, 2, 50),
(194, 90, 3, 65),
(195, 90, 9, 46),
(196, 90, 7, 26),
(197, 90, 8, 26),
(198, 90, 11, 40),
(199, 91, 1, 42),
(200, 91, 12, 46),
(201, 93, 1, 42),
(202, 93, 3, 66),
(203, 93, 12, 46),
(204, 93, 14, 36),
(205, 92, 1, 40),
(206, 92, 12, 46),
(207, 92, 5, 35),
(208, 61, 1, 39);

-- --------------------------------------------------------

--
-- Table structure for table `proveedores`
--

CREATE TABLE IF NOT EXISTS `proveedores` (
  `id_proveedor` int(11) NOT NULL AUTO_INCREMENT,
  `nombre` varchar(45) DEFAULT NULL,
  PRIMARY KEY (`id_proveedor`)
) ENGINE=InnoDB  DEFAULT CHARSET=latin1 AUTO_INCREMENT=17 ;

--
-- Dumping data for table `proveedores`
--

INSERT INTO `proveedores` (`id_proveedor`, `nombre`) VALUES
(1, 'Ramn Maldonado'),
(2, 'Ricardo Ruiz'),
(3, 'Mario Roldan'),
(4, 'Paola "La Tiernura"'),
(5, 'Porfirio Briones'),
(6, 'Jorge Briones'),
(7, 'Chema'),
(8, 'Cocarsa'),
(9, 'Diporsa'),
(10, 'San Fernando'),
(11, 'Granjero Feliz'),
(12, 'Aragami'),
(13, 'Seabord'),
(14, 'Keken'),
(15, 'San Antonio'),
(16, 'Gerardo Garca');

-- --------------------------------------------------------

--
-- Table structure for table `taras`
--

CREATE TABLE IF NOT EXISTS `taras` (
  `id_tara` int(11) NOT NULL AUTO_INCREMENT,
  `tara` varchar(45) DEFAULT NULL,
  `peso` float DEFAULT NULL,
  PRIMARY KEY (`id_tara`)
) ENGINE=InnoDB  DEFAULT CHARSET=latin1 AUTO_INCREMENT=38 ;

--
-- Dumping data for table `taras`
--

INSERT INTO `taras` (`id_tara`, `tara`, `peso`) VALUES
(2, 'Caja Azul Marino', 2.3),
(3, 'Carro 100', 100),
(4, 'Carro 116.4', 116.4),
(5, 'Carro 116.6', 116.6),
(6, 'Carro 90', 90),
(12, 'Carro 98.4', 98.4),
(14, 'Caja Cafe', 2.4),
(19, 'Carrito 75.6', 75.6),
(20, 'Carrito 72.8', 72.8),
(21, 'Carro 91.6', 91.6),
(22, 'Carrito 101', 101),
(23, 'Carro 99.6', 99.6),
(24, 'Carro 100.6', 100.6),
(25, 'Carro 99.8', 99.8),
(26, 'Carro 97.2', 97.2),
(27, 'Carro 97.4', 97.4),
(28, 'Carro 94.6', 94.6),
(29, 'Carro 92.6', 92.6),
(31, 'Carro 102', 102),
(32, 'Carro 108.8', 108.8),
(33, 'Carro 91.2', 91.2),
(34, 'Carro 96.6', 96.6),
(35, 'Caja Cafe', 2.4),
(36, 'Carro 115.2', 115.2),
(37, 'Carro 116.6', 116.6);

-- --------------------------------------------------------

--
-- Table structure for table `tipo_carne`
--

CREATE TABLE IF NOT EXISTS `tipo_carne` (
  `id_tipo_carne` int(11) NOT NULL AUTO_INCREMENT,
  `tipo_carne` varchar(100) DEFAULT NULL,
  `nombre_imprimir` varchar(45) NOT NULL,
  `devoluciones` int(11) DEFAULT NULL,
  `ventas` int(11) DEFAULT NULL,
  `almacen` int(11) DEFAULT NULL,
  `proveedores` int(11) DEFAULT NULL,
  `frecuencia` int(11) DEFAULT NULL,
  PRIMARY KEY (`id_tipo_carne`)
) ENGINE=InnoDB  DEFAULT CHARSET=latin1 AUTO_INCREMENT=39 ;

--
-- Dumping data for table `tipo_carne`
--

INSERT INTO `tipo_carne` (`id_tipo_carne`, `tipo_carne`, `nombre_imprimir`, `devoluciones`, `ventas`, `almacen`, `proveedores`, `frecuencia`) VALUES
(1, 'Chuleta Ahumada', 'Chuleta Ahumada', 1, 1, 1, 0, 1),
(2, 'Chuleta Rebanada', 'Chuleta Ahumada Rebanada', 1, 1, 1, 0, 1),
(3, 'Tocino', 'Tocino Ahumada', 1, 1, 1, 0, 1),
(4, 'Tocino Entero', 'Tocino Ahumado', 1, 1, 1, 0, 0),
(5, 'Tocinillo', 'Tocinillo', 1, 1, 1, 0, 0),
(7, 'Cocido', 'Jamn Cocido', 1, 1, 1, 0, 1),
(8, 'Cocido Ovalado', 'Jamn Cocido Ovalado', 1, 1, 1, 0, 0),
(9, 'Pierna Espaola', 'Pierna Espaola', 1, 1, 1, 0, 0),
(11, 'York', 'Jamn Tipo York', 1, 1, 1, 0, 0),
(12, 'Pierna Ahumada', 'Pierna Ahumada', 1, 1, 1, 0, 0),
(14, 'J. Pavo Dorado', 'Jamn De Pavo', 1, 1, 1, 0, 0),
(15, 'Jamn Americano', 'Jamn Tipo Americano', 1, 1, 1, 0, 0),
(16, 'Tocino Rebanado', 'Tocino Rebanado', 1, 1, 1, 0, 0),
(17, 'Tocinillo Rebanado', 'Tocinillo Rebanado', 1, 1, 1, 0, 0),
(18, 'Cocido Rebanado', 'Jamn Cocido Rebanado', 1, 1, 1, 0, 0),
(19, 'York Rebanado', 'Jamn Tipo York Rebanado', 1, 1, 1, 0, 0),
(20, 'Entrecoat', 'Entrecoat', 1, 0, 1, 1, 0),
(23, 'Tocino Crudo', '', 0, 0, 1, 1, 0),
(24, 'Jamn Con Hueso', '', 0, 0, 1, 1, 0),
(25, 'Jamn Sin Hueso', '', 0, 0, 1, 1, 0),
(26, 'Gallo', '', 0, 0, 1, 1, 0),
(27, 'Lardo', '', 0, 0, 1, 1, 0),
(28, 'Jamn Tipo Virginia', 'Jamn Tipo Virginia', 1, 1, 1, 0, 0),
(29, 'Recorte de Tocino', 'Recorte de Tocino', 1, 1, 1, 0, 0),
(30, 'Trozo Botanero', 'Recorte de Chuleta', 1, 1, 1, 0, 0),
(31, 'Tortugo De Pavo', 'Jamn Tortugo de Pavo', 1, 1, 1, 0, 0),
(32, 'Tocino De Pierna', 'Tocino De Pierna', 1, 1, 1, 1, 0),
(33, 'Cocido Mandolina', 'Jamn Cocido Mandolina', 1, 1, 1, 0, 0),
(34, 'Jamn de Pavo Rebanado', 'Jamn de Pavo Rebanado', 1, 1, 1, 0, 0),
(35, 'Jamn Tipo Virginia Rebanado', 'Jamn Tipo Virginia Rebanado', 1, 1, 1, 0, 0),
(36, 'Tortugo Cocido', 'Jamn Tortugo Cocido', 1, 1, 1, 0, 0),
(37, 'Jamn Tortugo Cocido Rebanado', 'Jamn Tortugo Cocido Rebanado', 1, 1, 1, 0, 0),
(38, 'Pollas', 'Pollas', 1, 0, 1, 0, 0);

-- --------------------------------------------------------

--
-- Table structure for table `trabajadores`
--

CREATE TABLE IF NOT EXISTS `trabajadores` (
  `id_trabajador` int(11) NOT NULL AUTO_INCREMENT,
  `nombre` varchar(45) DEFAULT NULL,
  `categoria` int(11) DEFAULT NULL,
  `huella` blob,
  PRIMARY KEY (`id_trabajador`)
) ENGINE=InnoDB  DEFAULT CHARSET=latin1 AUTO_INCREMENT=69 ;

--
-- Dumping data for table `trabajadores`
--

INSERT INTO `trabajadores` (`id_trabajador`, `nombre`, `categoria`, `huella`) VALUES
(4, 'Oscar Daniel Ruiz  Juarez', 5, 0x00f88101c82ae3735cc0413709ab7130d8145592a69809a75b75c69631c6665f7bf6ae19d006ae7a5f8e78f5728cb4afc7ff9d702d8d343ec1ec1f87e215df70e2b6d49013158faabb5ed1f6aa6d09bf3b9193c4c50f8eae6b2ecd4d3e7298a1f4fe1400e14a0e762abf3f1c6e0617be7da73c8b74b1f7791af2e80c6ff73720a2833db242b8fe75dff36f078b01dffd371f79fce7ff8c08b85fec8484487e1ab7926f1e71df687ca20c96f7c9f1c8fec72528d83a556bb2588f45f0e55c74110e1befebae9fcb0157288281e9ee11ea8f2c7c8621876da80c40b9a8a02c745c7fd84c6462e0e488567e6e2d64762efc82fdd5e25b4b2cbdc91cdefc3d816c640b1160c00242c808a7b0b016ca98ccbee2e875d93e1e2bc8f82ef0492277802f6f91fe13464c8befc83fc0f45fdeef51f148d49bec9a3578dff7f1317444e7253c130ae9852db6f5861938250438b9cf2c0bf870e961e7b3e28ea08dcdcad17f07cf5053e125e92a831c1b71de611e383364c7e5de4f1cdbfa62fd6c920c99bf0b7376b0d96f00f87e01c82ae3735cc0413709ab7170ec14559297913a66e3e07cc41de0e80167b5ededcc33067ab3999fdf89bebc7694dadb48f9565a2edcb9d8b8f1f482f8c12806740414ab005bcea7fa93a0b1909332ac32693aa0e0d8c446fe7b82d4a5a069d2d2d563d9b34c42de371a7b2d89cf540eb0fd4ec35be51bd332581ea132c3a8d9e76ff7a34cd325bc9ae84b5cc28da142d6cc97d6fa0996dcad2c455a73803ded9af051a5d54a73349f198cd694cd8a3658a8ad5a2164e459a9fd0abf17f6a7fc3584c75976cf7c9346fea23d07ec26a04585cb14d6ce22c7b2fabb3da8fe4805f86376850e540a0b4273cb8ac8820b8f7ddf9eb50dfd9056509a93d6ccda92e2504eff9bb800230382a2202180d0d1fb8642034a2f2ff3b4218c373159c989037e7027fff23f0c02d4b72103ee3c3eecd1372183a8d3b58d769b0bde09331cac0aad3a242ae6599a01479163e2c4a48c55d9c6aa818d79bc368668fc02dc5ab76a7f359b1256edb7cb30f1240eb2a1f63b1a4a46ddc05aaf5b0425d4354c206f00f88101c82ae3735cc0413709ab71b0ef14559257ffff9a2db59d3b7497f485b70d5c8bf760b0885f23f82e104dbd9445e270ce4ed64c9a5db5f9a096761d9dd1d0c2eca9d4265da303a7d15aa634674c0388a8e16d4c19847db865f0720086e6b65bd042eb6e54e28645e8e516d397f74cf4e41a37ecdbf8d51401cda2a3934e06c8cf0ef79672aebbf76e42f77a2bcbd55bc260c4b52f0585a57a99a44e95c995a69301a8b97b57a681cedd60d26c6a68b6b9f94f93e30d44de0d9e19b073da9b932387d6605bde6ed57f5dd753828377f6b7abde6abcb2e18726e4c6367bbe9ff11eb52b89e72762cd0ae880fe23a961e1e4c77b073fe90c3b06332c95333bc54232a5fa5cdcf14c98a32f221f3c5ab58f42973261f4920f8f29291b0689a7fb2803ffebc9c4e38f076e31ae4bf65b012ac82adcde041ffee752a3798229b72a5bb986164148165586243f767362a2a34a32761884c6d19c4c92afcdbd8108b64827d1bcce1e69f4cafc44f0af1e92b2feb113399a572ecf508d9268cc8c363034b8e76f00e88001c82ae3735cc0413709ab7170d11455924c780b8511f27292da353a8b8b06e243aa034e1d0ce6a9bff107a8d8f62a0fa57265f7eeb5eac636c19bf2112ad7048153184d806794252bc5ecbee264540e576ddaa000a618c2a7e874b551f6af9070e57c07acb29b6f576f568497f7c592f1c9f5a7fdf5b2a6be665592b9419c558030fcf10c4f7f350f899df8dee7cb2f4d03761d53bcb928974654b6c632644823889e0bde095bda4440efd165bdb91a5d848191bae8015cd3c966cfd4f9dac56bdce93630c9bf95bcc080056cd03656a45aa99cf3011522daeb3802c09ec28bd7ce7a32f03c4bfdeb6f1407027bb79d69e5624649984ee0755e09fd6996782ced7e8c6619e5d44f8926bd9aae5ceeb5fbd41e37789f6ee809b4b235e28f1fc64d749af14efc393b7924473309f6585927e9e7937b2a9125e15aacb378db1ee1ed3fd2a9356ae6710ae2ea8c591e6fa8d30f652918fae3fb8e17e00021bd4f91cfe3a06cad99c74c7084aea9d72487b3fb0662356d03482342c8f69dc0fd1638616f00000000000000000000000000000000000000000000000000000000000000000000000000000000000000000000000000000000000000000000000000000000000000000000000000000000),
(5, 'Maria Magdalena Marin Rebolledo', 6, 0x00f88101c82ae3735cc0413709ab71f09b145592dc9ecaf4fa268d31fa39b8461b5e7f7c9390e0f7694ef3b6b4434a73d62f9f16b9f2d091fc6d739893baa5e4ad088604d625e3f3ae09f9be0cd1df80b808dc14d3ebecbae66f6820a72a58519848b53818f1c0e1ad9b9c2ce0be369fb86bd5906d14853fb801681684f0d71888f488af2b6f93c4f06bea5dbdfaa9ce324bd77baa40d9bb57e21a95553c7f717ec4546ff70e51f13814d7c03a570532f692024174b1a83543c87c4adbcc0a1d0fd5868412bbd1401004c8120bd14b4cef8d0cf5ff57696e106192d3ae04fa751e8259d4d867a8c9912502d039d5092bc203dcefe130687b9cb174be33f2edd8b34ded1bf377d0ce562df729d5491faaf8c8abaad9020b24455038dbb65c155b7dcce6299c31cfdf6c25e1c525390e1355c4cce3d2467d8fdc848ecef7c9b6d7a4cf7b8e6293a6f96e9b8fa5367de03517359b8ce807b7e87498d9553db438f03e2283e05a491b529540369ba79933b6ea130f6262a56fdc2550822d88eecadb4c2f9dbf266f00f88001c82ae3735cc0413709ab7170ef14559204e3991d40d2a4c6930a33c63a5951f01d36fd955358097d615a3b19b654d49a1eb1b3a07f052463f3be16f80f788af6cee8eaeaf9e98d386e762b3966b93b07cdd48531e2cb4ed03aea181c2e14e0d78720115a364536fb05a4bbbf2a4643ff7ea129eb08febdd2ee05362662e0add9c2751e2bd3a1ca33bf670d6da20feed6084226e305057c513fae0945fa469b7fae3af3ef45bcb4ea0e726bec96c7bc5a409574ca6bb08422d6027a69375c6d5e7c673779659a408afc8a729e1c188fa4926c30764a14572582718b83e4a185677c1505433bc612cb75c6efc6209fc9e4000e044fa8a7e14cc1d99f9e395c2c480ee9179212d05c779ce67bb83e362ddfa25790b9b1597c2499cf45f79f99e4e5e32435922ddcfe517aa3dce6024760469e3e9e6290028f8dc2a33fdc97fd154665700282d52bb372d4a02c988674726151b73f5c6f34d3898f0276ec394b0d20571ee9bd83fd5a898592db10641080b1c0568e3e6e90034ef33a278fddd6712d6f00f88101c82ae3735cc0413709ab71308c14559222bb51dcb379cc2787aa41d20ec8c288656975ba1aed8ed3d5322cf8141157793bf4488a642b2628420c3f07bb31060c3a542a87e371dd50a82eb8e0fb3531af5914f5cf12850b1c2f479fa7a3186224a3b8876cc258410522021b0b2d5ca7ee6b61415c30fed4cd88b05750cfee7fdc6943f57f31e6b99c9321640a0af36866e9e4767a46a709230668027a5a173e4d3088ddde100bfa22092eead33eec44b937bd8da74f060335c246ff8d211afb7f64dd6bad4030c1fa0e07d3d6fe0a1a03d4acc39dc7ddfd94cdea2d253bbce8cfa5a13848272c21ba957674eb221cd67c77ad436b94aaa5c58a8fb5356372fec184fbc0cbcc9d8f9b2c947cb2ba55700d832e14abbe795cd3e90d7972918276fa13653cac93b3e25434b567b662fce2ae373634d9796906eb8e8ba6a09500da06370bd96774636646095d289b837e21291f4757930a110a421409c0492c3bd9ad2969fa7f70b5294696cf5104aed93075568e982183737bebca4feab8161c54e4bb6f00e88001c82ae3735cc0413709ab71f0fd1455924fc8ebb49118aba1f068014873419b8fac00f51d5bad122d9fb3f584363106832e3851c045cebec8811307d35f230e8a2cfa25a00d56342426903a558513e1df66e4330235e6b717bc4a5e5dc826163699f187e532066050c8615cc903266fe8e590b1e42613c49afb1ae0f9a1e48fa1d8d770ac8f895e9a5b7c16a618b51191c790fbbcfcd835307a39d68a167d54ff6731be40bbf9eb24008927dcc956b9e7f97ff2b6b8e994c540c814f4824d79e196373097d9ecf2f6186f6a943236a272b35bc7f20d2163fc7bc766eb081edb6ac3c3613811fb07131d2c42f56b91a69282ae3c0589fa51421917ff1f9de8b44ad13230837a5341328fc28a253d872bf479b51a0f6ae38d7755774090e36371fd7d7d12fc4b67f947d2b65a0b31e3ba7d3e681722242361a99a74115ad4d1fe334fad729c9ba5bf081bf68d2dd668ac721822df7f6ef2ee71ad55a8cecdbfeb9c98830b197bf391a80eb5455b2a8da50264eb68bf187447555d27800c777754e76f0000000000000000000000000000000000000000000000000000000000000000000000000000000000000000000000000000000000000000000000000000000000000000000000000000),
(9, 'Mauricio Guzman Guerrero', 8, 0x00f88101c82ae3735cc0413709ab71b08d145592b9d66e7e46b59782497a2ea7cfd00e9562b66f4f493a37e04e8584cf2363acdab35b2176ebae74e954936571d7de3dcd3f7458077f552fc9ccb9462b718f4b0b578773dc7f7c735d3b37763997d6789233d84b818e8281acfb61d10eae03b5f573574446a423dadb403c20beefeb3dc0737f12be22082f7f91b25c472ca69c2dfe6a4120ddce41f7c69f774617870c6299606ec32c55a3fca589449f408d69c817529eb92411a1b34052df4a485dbba2833ee965fadb2371dc433e7a78485d4729eca062cb32fad0f6b10cab5edb0c330defb8491dee3a39ad4bff683fa47452c823d2e5901cc3b9dc7114f706d74ea4d8ef5598242a77b05ae25762834b2c08719e4f74c7f85815342fb06ee179bbfcd4d6c20c152e1f19495f3fba30278e2d1167bb71b52b6f11faa36c4033a484504d783bdab070761a46598c1249aa50806b3cedba46e4699d1d55b2c67a0296cd751091b722a2777d051aca91fba8a6d25cc03665c01edb2ac2cf4c3b02e7eec9a26f00f86f01c82ae3735cc0413709ab71f09c1455928fbef26a711c4314592da6b2afb8415d54dd5fa615c5aa119582a2415daf4c0387c7253ab3afc1af717cc9e7470baa428f7236f6eced5a9f829f74e457441f7dad3ba113abf638e01906999d38b651ed13a96fe43983162c12f2f274447bd9e888c01795c89cfb5f43641eb790b105aa1e9fea04969d78faf8e086ff09550168bd5231cca31e557210ad95d46a20f3a1d98d52bc6d51013feb8735ed8eeaf883e14041d6e134a31710aac60ee643c9245d4b4ffa95745283b002bae132f28a2daa5da9afd7e834aee67eb916b059916fb011506361a975ee1f59cc24f782916652720d1a21089aab663f25e4b5a543c3095080586cd277ef9d6fb0f56e3fba4fce2f042cc2698cde57d02793de6a43e25db78162fbb6d1ef955a49806439b990bbce83ede351307669f27ae9b54fdbe452942c5d7ac23b5c43828467ef3b6b9cba685cc17f4cc83077c271aca3a02fe826778ec9431a04533dc7d1d064169c6f00f88001c82ae3735cc0413709ab71f09a14559212b9ee3b54b7b70f3e61f3be49bacdcfd57a8a6e8f6bf87059cde085ac55440a12c1926a1497d877dfc4ad61deefcace30ff6606a2b71ef844288da3998ff5fbd419fa19c882bb4aee4c93810252f538599d78639165a1288aab87ccadf39cc6397dcec2066d28c66c14c799e39c066a28579f51a6b2ddbd4225131d15acaad955139824f75ae404e93e7c24b89f3f4ddb7f2e72819336227b2c74a1be025a8cf30f630511a6dff8cdf022723d8d829d3efe485c16d348c44efed6bcdd7aa5a0dba2a5ed5737179fa96ea094befea965a38b93429a23b2707cc408bf2140ad199c659933fca41e595a4da0be2a3dedab56637ed16ce039bf518938edacf912242eec33f61fdc38383340f3fea4c79776050ac986e8000c39a0fe28961ba37073bfafdeb4c18272056a4ca56d4d76c953e7de2bfc478961d8b510536978cdb1e88ad439a584aa17674a92840dbf647b582f34297bf94d951ab2d1cf492f36b8f84121352c8dbd1089911934cffe997e8a6f00e82901c82ae3735cc0413709ab7170f9145592624c2142b0c871786f8433a690abdb7442b6099f8c5b80c51b30584155a0231302229f55e0b1a8270ac595d1d993e49a96ac0c2efc6f57ff2ef410941e1fa1aec8a94b9554e52f6772b25aec4c391a72fbb22067670be357ccb167b9b6b1d9a4b287296ac49c159ab1277960f93df25fdeba2a7e670327ed807808b46c8bbe126062a3dc3f8d285e1bd47065513ddf6b94118e7ab494dc36d5b76ea98f226e87977aa8d4380542f1e494f1848d88ab1e2e2f958731ea5e6cf1d18d07108503891284064ed82acadbad66c133b6d130f02ca04aca81c1a4478c169cbb675006c4ff8e178b29ca730b054684c013197f0587dea87c1a9bb0172138e119e85e05dbe01bde31ed5d0774efafaf39980ced4e7435b04eee6822b1df6f0000000000000000000000000000000000000000000000000000000000000000000000000000000000000000000000000000000000000000000000000000000000000000000000000000000000000000000000000000000000000000000000000000000000000000000000000000000000000000000000000000000000000000000000000000000000000000000000000000000000000000000000000000000000000000000000000000000000000000000000),
(11, 'Andres Garca  San Juan', 3, 0x00f84701c82ae3735cc0413709ab71f0b41455924e7c7e1eb9a95533e5996d5d889cae659e6c6ae70554d7782e3baf1985e643ed40b62068cd3fcafbb97a496ce18c3bf1d3ebcd87100e1229c3cbdeb670ae2fb0e3d533d0db6a38c5035f6017c812e92a13f7c8182d4e35f73aedc9e98d5893a3accf1693deb7f9f5e2f80a39cde7463c60fcc9a978c47c58289c8985a11163350e28f245ca7af4eb980b1ab4e4f9ce33647403f242c6b040d5ddc9839c0251b600454603bd03b130b82108eff3275876a2ad281cfd01c3fb84ab6a0146688f90c541885ef4b75a107fecb06a91c7133ecfb8304abaa7c847dbba5f90a23c3fcaf1dfea0ee00899aa04b9ef7891557701b145d75a94665a62ab86e2ec43dce092a6d1939b55dca294540876da8558d388f1d5bd85a222a156b6313ee3ac5f2c81c1849a7b5643513ec07309251f572174ec335ae28e86eb6f00f85301c82ae3735cc0413709ab71b0b61455922a92add167cb83ecbbdacdbb461fa48ba337345c7e10ec95dc84f635f0fa897d5e548a04436a993d2c22b65dca2bcc6ec230dd80fb6de8831f7bdf21e716138bd7e2411a225cc53797b3c2dfcc2fa8a71b6381e1bc25c6721d28238e6a96dcf73fc5cef86a2ed33a000efb5ef7875e67857141c38768756f9722c5252af1c6afbe778a72d1072c1d9e432bc3b0389694be328553782804e52038c5402cb7f8562b93f332d405f94119b4085200a367e40974268f08b3ee45e99ec4f306dc87befc6885a8eda639f2a487b36cdad6c62d9364f50e49faa0bdd64cb9dddbc6c8374dc10dee728f60c2bac2d9bd804c471be757b26266d47f8f4f7ac0213dbaf250578701eb1769c242d84f0decbaec738ba0e3efdf893a8a605fdb76cbf9ce8458263f708a649315fb868fe914b769fe52097f55f8ee4363805ee72b930323371d848f8b6f00f87e01c82ae3735cc0413709ab7170a914559268378b3f812488f83f3339ddd3e65a6ee5f923a2c1932a289a0159820b9e3b490b1507337378a9435f982bbd843b88797520f21f105e98a5819bbb334c964b87606cfc589d83b1626db54e0eac075e95467d58f037c4b80c31dea9b8df84d0258e532f70398df183700f63eb135a3017e28fc6c2e466addc5339f975e8e48c07f312173c06b46d395699f6df0593984dbba36aa3ca039da49ce88a889773f08c771273e4d6a9cc873a7123ff5b45c51e4468231d785c260f233d255c401404e3790467a7b8c053a955dfad8a1cedbe65e8e07a7a9803d26d732b862f66b73ce86a76ebc6fb582ae9e206f5eb7a5bc6c007a0feeffb2c196c513d96cfaaf962fd537fffebcb1859fee7c317f812aef232979157ef870f6edd3df87ab9751f3ba03ff47be3233c184275ecbae689e9d71095d2f8a5e2c8c5216b28da092ee2dfedd15bf6a0de169fff509f035434f0dc94a5cded0fe195835da348f8a28a12b852b1cd5ea9e229a41863160a7b7eee6f00e84701c82ae3735cc0413709ab71f0b41455924e7c7e1eb9a95533e5996d5d889cae659e6c6ae70554d7782e3baf1985e643ed40b62068cd3fcafbb97a496ce18c3bf1d3ebcd87100e1229c3cbdeb670ae2fb0e3d533d0db6a38c5035f6017c812e92a13f7c8182d4e35f73aedc9e98d5893a3accf1693deb7f9f5e2f80a39cde7463c60fcc9a978c47c58289c8985a11163350e28f245ca7af4eb980b1ab4e4f9ce33647403f242c6b040d5ddc9839c0251b600454603bd03b130b82108eff3275876a2ad281cfd01c3fb84ab6a0146688f90c541885ef4b75a107fecb06a91c7133ecfb8304abaa7c847dbba5f90a23c3fcaf1dfea0ee00899aa04b9ef7891557701b145d75a94665a62ab86e2ec43dce092a6d1939b55dca294540876da8558d388f1d5bd85a222a156b6313ee3ac5f2c81c1849a7b5643513ec07309251f572174ec335ae28e86eb6f000000000000000000000000000000000000000000000000000000000000000000000000000000000000000000000000000000000000000000000000000000000000000000000000000000000000000000000000000000000000000000000000000000000000000000000000000000000000000000000000000000000000000000000000000000000000000000000000000000000000000000000000000000000000000000000000000000000000000000000000000000000000000000000000000000000000000000000000000000000000000000000000000000000000000000000000000000000000000000),
(12, 'Rafael Vazquez Sanchez', 2, 0x00f84501c82ae3735cc0413709ab7130f7145592a1e27a65b9cace911b5bcedeb8bfc2138f72013935778e7f0c871479d3a21a0baaf3fedad2e8b2c06d0dabc1929a8d0e4461c77b8d2b22aab1b4e80640139fa9517feb9d1baaaaac101c205fd90f3d1ee5236c64be10eae084244a183c4c2901493250aa72ceb07fd27be5633ef3fd1f7eab80439afbe0370ce21df92ef7c524bf8f1317e4b9c4214fab26f3100b1598739eed25e408e46ad6db7797ae6a93f753e5d246ae5fb613d3b46d73a9f2710fb2913c570c6a8f53021da31092f79141de18dc04d438f6855b66638c8eed96a40990e939627a0cafad5e89b84faffeb368471506f17116cb69a46139354e3b3d53a1cd851c96b9ff62e240487db851216632640317acf0e77223676525b55a508eb998f47f9ea157430d08efb1f6451a0adc07ebb7aea3db875ddac8106e81cf1d29dd05676f00f81801c82ae3735cc0413709ab7130e21455925b9cc702edf51b73599eac7a6fa0a7319e0dacd2ada0c4e5e97b19fa628109e5abeb8c72e62c83449ac41fddafc9849216503a3064feef26f79a8b40715da58361e48abaafd75ba15ea789cbe8a3d2c308dd68c4f8e7afcaf2c023f21353311d2f39644f2cc1022361bbcafd2ff7d46b5dc807d3a2dc7ddfa190925edb170f60fefaecbda5ae2b72b136cad665b7c6a9e5e76cae39508ff0d05b01f72614751b55e396e4ba0b74da4b917ce796d003e695a3a87ac6834825abcd0f90ee2777a4e5e43aa577e8a4d25411d41114bdfaf9e239fc4c578c10da2ec70e94bace6964d02fd0a941453f130f56446d444f50df85c56c28b094d87d90bafdddd7c17a24adc1d2d9c2084b886f00f83701c82ae3735cc0413709ab71f0fd1455925dd87520a16beaa99281276f3a72bed509bddd0fe41b9d8f2ebd5c20ca912c35423f1b495ef1cbbefb1749027e242b97947b15cd0e1728173fe098e74f64464c3076b8bd9d1645e575ff591f0a757e5cc7dc6c78f223214f0e6c8367f898348f0decec5fe7a4bd3d59a4025235bd8d861578d1950493bacfcc96fd09c3057dd972b6ca78b9d3d6e872471ff1a93b0437757c98f129be5b6b1eed55ddf59cb004d237accb89880a6daf08df592d5ef5154e8799931a8739745f8a07bcda4fe076f219edf4350ce3e83f5bc5f4423db09069e0265a2d0cfcae7c6c2cf7fe15ee927423a9859ceb51e97e9ec56b73a850610cf9583e90c2f529d9eb0f224f46bcad307d463be550d4a82362cfdae8169b2eca565f7fab79becd4b84c7e9ae36424ad0982061ec543b6f00e82701c82ae3735cc0413709ab71f0e21455927772c43ddabcbc3277727db41997c25227f59926ae86b31f80f86cc7429db7a47377061df990cd17d38fea20a0b0eef64b816639f7e58ffd908e997d311dd625c62609957ab0714aae46035d64b1e839de793718935d0ff6b7b3e128e5f3b3e0e2db6e0aacef64b0d8e67774dfefc7a7d76a4c31a7c41c80d53429b365ad8925917d421165c638c95c65c13dbbbf1a5300d379ceb32ad8915745cf37c183ac4fa30cdee18aac0f691cd1bd8896aef033d7b39d66c596da989334f06d1e749c573164aa7e833654d5faca37ad59b52133583508b3321b6c8fe20ff50ea3007d9e7a509ec0084d1d61858b9949efc96f86aa0697ad9d62772190b03cd9d100266157db86b7917644893ca443324fd293d9d25a38cbf0fd7b6f0000000000000000000000000000000000000000000000000000000000000000000000000000000000000000000000000000000000000000000000000000000000000000000000000000000000000000000000000000000000000000000000000000000000000000000000000000000000000000000000000000000000000000000000000000000000000000000000000000000000000000000000000000000000000000000000000000000000000000000000000000000000000000000000000000000000000000000000000000000000000000000000000000000000000000000000000000000000000000000000000000000000000000000000000000000000000000000000000000000000000000000000000000000000000000000000000000000000000000000000000000000000000000000000000000000000000000000000000000000000000000000000000000000000000000000000000000000000000000000000000000000000000000000000000000000000000000000000000000000000000000000000000000000000),
(13, 'Alfonso Luz Santiago', 2, 0x00f83601c82ae3735cc0413709ab71b097145592daa3cf2060e0e1334de7c1956c89e7c91e0c479abfd0e83b8b84b02703232eef26d5b8435e63857b7e9489893f77c424f6253ec446bb21ba99de0455a9125039027cd6717bf3a6edc1b0faa38684b421cb2142ac0eb4b0f054b9d5bdee5cb6925a7e7de0f80c837a9e39f7bb022caf36f26ace665f2477280c2ebc6a104fd3bf03bebd42a855a8ce267343767321cb502012690f25ec61526850219859479759dd76f0efb0ecc7f77216397e50407ea3e1e72ff880c934e921cc90e257abd946b72d4962e519485f250e00b342eebe47a934615c301e7e5abc3a32fad0bd681ab087c06cca8c0842bf75373d6a35ce7be0a1aef982241b6b7209a0b26dca9bd1a022efd146c556160a51f24667c084759be9323a02ab6e292778f343e473f3648c9f77bd9c3b6f00f84301c82ae3735cc0413709ab71f0ae1455925260dd4b1a29185a0231a8107cc9e9869a68ee9be20db0168cefe8c933acfea3a2da0ef0fe3e826106a40affc0bec14b5866fc2ea9e97d061f6d7eebea9c2f3f3f3ff1f13e59d125978ba7e76b127e353fc5714fdd3850b7e8a83ac98cafce6c935e64bb9c2e991c65efec57ecee74563f634d4cad1bf2e824da9cec031dc9d40c7c99d9c9271f82ea830e28c0b3f719b6753378c4d0f35b87a275dea9311a7516d2b6debde8db83bdcf4e6f35e4486b25e615988fc26c610685237cd3a43338d77f9a6186ecf373060ce7e910a5b90ad22a76991892e0570958bea2b01bc8d7216d8388f06f9f7a713675cf1c16a7893d99c28572f3557ea0cdd662ebbaca90048d608daab365c70dacfbab1198975bd34157b4f469043f251e8707fcd42c58b7729cbef82daa89eec55d80866396172a79056f00f85001c82ae3735cc0413709ab7130921455925a5d64ab940650bfcd6f1ceb0623d52d736f4ae19c2ba709dbd115d85c2512331578db1dcee9300f3ffec7d2504210dc1995726e62998fb64fd137d63056158ca5b87ac7e95ecb8309fd86ac1336288d8f8a19ee2147f93496eb9efb4537140d237e0a29da60c7b4d26d8119fcea7c123b320f063ab3ccc10d4791dfbbcc6c91002fddf2182a104a6610693b68168c7dc15c857d6e31ad1ecb4f46d188e51c582aa0079047e97775c3ade4d41264e0a6648172d0aff745800a9f2328582ab53fe407875a3fb58f367c698335d6f4ba0415e94ab8c41a3f05c9e4d30c37922e057e4260cf2c52482deea2ce3672596a9cb125916b658252f94410809e958e7c15c161876430ed4b6118906fcd1593b226e9f9d2845746c730194541a258656607aca823d6c247bbd567d0272342b122b00299ca9164062048c57e19a45a418b826f00e82701c82ae3735cc0413709ab71b082145592b18e511b5241a1d545a24e4979b9e994162023539c4b125a149cf6a1d772c4150540ba9d951777048c1cccbed472483e15112a1c642edc610ae0b58a5b1dbd03df0a607dcc2f95b6c1096e34521ba40bb3c0dedfdaa4e792b1268993b42a06d3409c704384316f9af5642403f24a6d17354c3ae6e96055293ba9e0cc9432752dc9afdceacbafb5835062e259bb3114f5354cf75227e90fce6372be798dbe989d7ceda5a8023ea69fdd9ad5e8e29b9f94bcd1a77e26508a3d35633fafdcb57a1ccbd8691025430325422066ea61fb5b46408d550b1717a9c9d21e65f9329c4e54c95415b0717de7596eae52e8c5e527804397bf709186923f92271c8c13227389f8d8b0800a1be1f234459ca15cbc19a11a38b5877d5f816f000000000000000000000000000000000000000000000000000000000000000000000000000000000000000000000000000000000000000000000000000000000000000000000000000000000000000000000000000000000000000000000000000000000000000000000000000000000000000000000000000000000000000000000000000000000000000000000000000000000000000000000000000000000000000000000000000000000000000000000000000000000000000000000000000000000000000000000000000000000000000000000000000000000000000000000000000000000000000000000000000000000000000000000000000000000000000000000000000000000000000000000000000000000000000000000000000000000000000000000000000000000000000000000000000000000000000000000000000000000000000000000000000000000000000000000000),
(14, 'Antonio Maravilla Quiroz', 6, 0x00f82c01c82ae3735cc0413709ab71b0f3145592f1d4b6ca473e0a1dd821131c821470f93478216dd4b099e9bb90d3dba7fe55de2a023aea10a6091c79204ab015f0ae9942ffa55dc91fe04f31d150ba716dab037c80a1c78ca31b5d8875263e5f1c9b36bd169701f864a2da383b813f32b1832f7779f4ae905224202d3d7a2ddfec6b40c550a13a62b58e4a515024b4fe66a821e6646fca8b93afa0f1023d168b3dc5738325ff356b76618cc5cd5f7cd49f3cfcf328341e238dead950a3cfc4a70a9e79fbf989c4da4e923fdcf539acfa909382c812fae5d334692859a6eaee3efdada2cf8a37cb67a39f5261b63fe59186544cf7d85b977dece189f93e75a8530251e621e5fcf88dc3f8b2cb0922f291a841fb6982038fde24197f37d56ee5d5196b51b8226f63ba51a6cd522042366f00f87f01c82ae3735cc0413709ab71b086145592d5f04e9a2697d381e716900285202d34eea1c66d3b4278b05910dab0b36c05f3d2c7fd944a2bbb2370bad6769f22ae37e0d7ee3af8807bdcadbd8616ddf2fb0efe09b371a8860c668b4c6fadd5dbf34baa6eb945870e9c21407ea72687d0ed83fd20440014252ae8eb45dc157f8dde68c5d1e979c337149d0ae55e66dcdae7d0d2f5afb6a6367d263ea12e2f703b5bf593a6a51f8b62b5431a58eaaa757b6ac7e2ad470eae1e5adfda257871fde0403095fd34068ab0d4e4bf0fd6a4fe289ba444639e5159b2973333edd66a91214b7a77839cddedb14554820b070aef5a51f64587d1fe76e2d272bb457f055326b6c538310a9d59f1087c7a0916ef6bc104a62b358d27a416e79d7da8a182d91077d5375845b708b06b5010cb1bc093f4c68a2e848b9a6955ed7bde96db63891037c58a7d1e05a5c2e0a85fcde7c7addb366e01a628d12f591b50c26e60c052f514a92f32a9dfebf7bb1583c185e9a3caee8dfbd7ee3cfbd84473c6f30d222f01a76f00f82d01c82ae3735cc0413709ab71f0f11455923ddf9a6ed8c6fd54a1a3df8f372ea440e8269dc9c0c8a0645566ecb0bcdb6aa11ba513166492de6d66c52f4e57afbb9ca82bcecd3893fda99cb5bcba5a782a42b4985287e730bde9ca6cf0441334c243b7f0dcd4df9ca831c2381fcb11e481268afe9de85725421f33b0c2be9c1e54cca2b73732fc2a0154af4894a5c404b6f45480bd140924b1f1fb13af06f6f07e93bb3e5b241e5d7da6afa5ac98a1e2c01d068ad3559edd0b4316f9009d3b00a1da6d782fd2de977dc37040c54652ad4ff452ed547dbb8a0f69a2249d2c56111bc8189045b124ce7247f92f77f325fabf0204a15b92b059ba4737881d13d5beeca0a01c94b8ebe44287a35dad25b9eb9561b8ba40ce64cedc56342d1a19fa73751498538fc41a2149f4cea70ce3b06f00e87e01c82ae3735cc0413709ab71f08e14559265e86e947597110ffd3024b8fd2d549bcf5f2919baedced7a1f6b2a4e395f3c335a61bdd01fb8de9687f77cd3987aacee869818b4a17cde0bcaa3b8a09c4342bac4f8a01defa7ba1c4728702c1277e093890248e84ab6898f030c9e2e9675ed3ee044ad1f0dfc54c81916f3607d41a7a02c17811d98b2f964652a537f9f984f3bda37ee2908fba9800655bdd8de7859ef793b4575728112c86ce3f949e7eaba8c43074941cd604f883526abf9dc2ea2ff8f8c55c6f02ed132bc584270e4926c5e1c0029c72526731c95172c92f810fe35c591efb75ebb2fc8fb6b20cfc7dd8b157880432bd3c0baa23815b86fab43ef09613f0ffed2c924bfff7c6a75a8a276363a99eb6de25470ea3f77ced340aea45604b4560d43fbaafc39bc1986b3c18959ffb01e32e8d3a3816885697103ec72d2a5b62b76aa2a5777b64b6e736e86b9a012284d0a61ffba926eac359fa0bc0c89e0c98839a37dba95dc8b3123dbeefb70284af68e3b5f53d0a3a1b42945c6f000000000000000000000000000000000000000000000000000000000000000000000000000000000000000000000000000000000000000000000000000000000000000000000000000000000000000000000000000000000000000000000000000000000000000000000000000000000000000000000000000000000000000000000000000000000000000000000000000000000000000000000000000000000000000000000000000000000000000000000000000000000000000000000000000000000000000000000000000000000000000000000000000000000000000000000000000000000000000000000000000000000000),
(15, 'Juan Bolaos Quesada', 2, 0x00f80f01c82ae3735cc0413709ab7170ea1455928c6ae7dfabd6bff97cd0137727a857391ef2ef3672a7598d727b60250ed9aefcd85079508e8cc98f20226bf789483ac2e6ba9c77814b9d10b0152483118c9053a5a3475cc5824564b168f6f129d244ae68912d71525b6700844b4545c7a63eebd3d90ca269303157c5d650fa21d7a411ac1525909328beb6347ea6afcaaea1fe055a25c6f5340a77b30ef97fd83a6d2961c7598febf98dbec9d68acef9cb7611aaaf83fbe4df08979441c94099a8854c18e83b90ea2a8c47d331e2575044caece5d607dd117dc580461da5557544672e0d4a1401b95ea52399702e2dd1bf9d4adef6ad7c5af81cd88d3b5184daf41c3cdc1eb70c2d0ac45e52a159a0c1f2ed6f00f81701c82ae3735cc0413709ab7130c7145592e143260e60c9f590ae3515575d4b4b2b224bf24a0cd0d2fca2d6c4de8bc9a15f236b9a747baf9b9eeabea1b5ab68455d9a21080b439395843d6ce3782b235567167d74b53262841c8c3741736ecbb62cd6be8dc40689e72d35b4678f3fd28a520f873c5ed021731ba22cc63e1f5e22454b1a36b0728b6b6cfdc34e12661bf35604bd8ab9872cbf0c6231baf4d6c99abf19afbc94c07ea6f645c0546c24cfac3d9f851836a7eee894346886f38d721561815347cf6442556d913dfa6af70fdfba3acc581efbcdce01ddf13838e98407acb2e00588b56a8105ac78532132127d248a8f3ef8732eb4b5a965bb6a5a713dcfa77fc96221eda4bbfe955a9aad88fbf1805a54a9a72a5f6f00f87301c82ae3735cc0413709ab71f0931455928c7fc626bb40d0dcb29d2068d50580f3ef9dd24015921719c7ca4d39177cdcea641ad168a8d6d8e4bec0e37bbeaf936ddd5e6b1c893a15bd37cdafcff3e0677cbbe6d4972a61827a931691536ccd55282359bab646d8456b2b1dfbe4c4a67c3a3dba378501fd7c6c7be9b52c113bea96c97289f84d39976f63ad06c8f50831139537f71868ca6df0d62f175f15b6008d87f2d05642edbceca75c99006bb9335563a3b18cca7c3afb0358c5f9715aa97c268d6bd4b15fb0ba780f3c3a6d0343cae60ffd0416ea11852a77d298fc2cee9604a423fbd599690acce3b89045b585b05798860df49712ca00e072cc64c8fb4c913b0a8f209d123d3ef4fdcc9922ffb8cebe6cae49588aced8a8b36a7c7bc069516a42ed6a20749c338b5e137963745c8abcb295be8aabeda8e655412a1250a2c2e5a17ec02dd0b3779ebe1e2befc61434284dd754f6c875801bb4fc79353dc0714d46cbdc00547fc1f6b7e20d32dfd3f0ead16f00e88001c82ae3735cc0413709ab71308514559230f1c8c5a0984ef12458bd18223d1a5a6f382c565f482ef6c823ae0d7a258af2e228c1a615f1d8866926e3dffc5514ecc63e93acc059001da4d563cd320e10cc56a6ae5333de30069726f52c56c94c6e3da010dcb23aa2c5a5bfd9624259ff5c79d559727409023c1a0cd46d4b0f12b3a5842676643151e7728990f75ee842f380d3ebfa4d9b9b105db7f7927c31f3bdb610c876f87a3e0f6f69c4f68327199862ce0f21c8784bf6fddd2f6b66e29fc2112d67e7b35ebbb7997d7ed3d5331a2a3e2d4763d7ec465e6985571e9d4b3bd250bd1390ab164ea5edafb020c0d44c8fc70ba0ad9fb6173d2ee0e77c8e00ac6cfb47d856bebb27295aacc85ee63ec026b17069ea183da63243c1ce4fde21d33cb0118ed1b5360e1294aa7480b76d934b8636b041c8673705681e0b08984a0c02cf1b8a0058cc6c61c12ef8da9e46f26a87e224b6aeb674fc4e79e78c8d29020bc5bb97c3e669e9b5a4e569cac6905dc5b760a53c40919fbe940a2a2be2c9c54e6f00000000000000000000000000000000000000000000000000000000000000000000000000000000000000000000000000000000000000000000000000000000000000000000000000000000000000000000000000000000000000000000000000000000000000000000000000000000000000000000000000000000000000000000000000000000000000000000000000000000000000000000000000000000000000000000000000000000000000000000000000000000000000000000000000000000000000000000000000000000000000000000000000000000000000000000000000000000000000000000000000000000000000000000000000000000000000000000000000000000000000000000000000000000000000000000000000000000000000000000000000000000000000),
(16, 'Victor Mauricio Vega Mendoza', 3, 0x00f80701c82ae3735cc0413709ab7130401555928cf256b7b47e29ae57ae8cd06852750239e490cb69d52277b1eee15b6880438a5227023c039c8b9e20e2d83758b3013f5a5cdc935ce2bea1a309808adae7de21bb6eb991ab2ce711b3c8fd824a47c331183494fe19d44b8dd558f725a5cc5ad9430120381da0102e96b1ae37b46ced7396d8ff177423e5804caf7d39e8c3cd7330be569a5f11599be86078a75613ecfdb83fc06d01a1bca83bb8266b555dff5f8d0c235ba40f4f5d18015ee5d7eadb9aef6334484b2f09c3ae4094e3f8f76da2b699ee0cf100489ce09f224e989e5b496b91b8ee50a6e233dce4579cc838251656d8fed02c0c107bc93b555a868f3654ee476c97baf8256f00f8e900c82ae3735cc0413709ab7130b51455929a363f2aa3690d03d3f7ce4187f972643d304cefe3ecae2fda53536fecdb278c3f92232e289125551ebf8e78d83d1c2ef0bc1ace275f096c5bd36855361bebed3bc7eb5dab7a93d2ddf6265273a1ecd0274961080c281eed26bd0233eb198a5aeff5484fd1c578584c1e23ffe96e2eb0f86121a60448624a43353e27d041251a5a7c1b6a0175b632a0ec89ab0fda732401c002156928547b30598d211fdd69452b1e8500979d9b7ccdb579c3cb37dd7db3e264368136a5a8652876a7fc5e5384cc96744ef53ed1c7d4304c9bde519b5b03193fc660c9a561816f00f8ff00c82ae3735cc0413709ab7130b51455929c3a76b9e01b20d0cea5f852b3f644f2ab566c54723c4ae4a5076a9319860870d54fa0f143cda69def189ee77ac4337a816f4a33ddef1df5f0fe5bb22209bfc6dedac9640f2e0ce39027358eea480d1c5ebbb86b7c04f55103f41401504713e070c914643e0be6f99dfd8d7409a95f9ff97f7de1d94d487df67ac2d4d10f4455a9f3ad36ff2cb5b51a00540a121987419d4f43ca1476acbc864afedd9bcb92e8283b0ecb13d1d760e29a1b469f06ee7d6326aa927f7c4226f6de6dc8f75ed58d5a8dcc346d9da43face3123eb53a308e503ba8e5e267f523f7da870aebd78538c7476ba41576719d8e2f63053de45c6f00e87301c82ae3735cc0413709ab71305d1555926af9e04d7066987988313d663e0947942a47f68defc43c9bf5aa0d2773b82183bbfb50127733a86c8d74d58dde5105c920bca461e22aef031b9863393e24d5020f9e5a919529604fb44aad75ad309947999d4ed95283e688fe42dc37f1c3bfbf74db7858058fe3b5a74cd9b6901f9925fed11621afe7b8ff9828d63c7cd8589084e5f3cfe92b4c200f830b6e5565a59a7917d3201fd19a9a3d36c67d18cae58e37dcf3ef999ef4715d52b774084d5b7188d5191054c33207ca429ed793b9c66abae7404cc5fd23f955aa342d2434e9b03f283cf43a1f32d3ef25797c33c54f78890560426767af1f45ed3b13018293853af65b555a73127875fb7c09b27eb2a9f5e151b614119a276e05ebab1144db8fda47cbc53bf04c6af24e3e08680deaa2ea566cee2ba3f5d0af75e72ad4a9b4dc4d6e07ca9b92bf744d1e4e3955c2c9bbfd605a95985afbe6c1d85a17ea8409fbec4afc5c08e0d43d69fe56168eccea66174a616f00000000000000000000000000000000000000000000000000000000000000000000000000000000000000000000000000000000000000000000000000000000000000000000000000000000000000000000000000000000000000000000000000000000000000000000000000000000000000000000000000000000000000000000000000000000000000000000000000000000000000000000000000000000000000000000000000000000000000000000000000000000000000000000000000000000000000000000000000000000000000000000000000000000000000000000000000000000000000000000000000000000000000000000000000000000000000000000000000000000000000000000000000000000000000000000000000000000000000000000000000000000000000000000000000000000000000000000000000000000000000000000000000000000000000000000000000000000000000000000000000000000000000000000000000000000000000000000000000000000000000000000000000000000000000000000000000000000000000000000000000000000000000000000000000000000000000000000000000000000000000000000000000000000000000000000000000000000000000000000000000000000000000000000),
(18, 'Laureano Mendoza Cueto', 3, 0x00f88001c82ae3735cc0413709ab7170b414559261a0131380d8ffa0a22e5f161f541f435af2420230c3003937c430c6a35c9cda1ceb3f9575eb83fdf9d3380883dd9380a30c30ddcb146543ce799533fe766e3c8e72f799a5282a002b285dd1a41677455787a7818aac785361212add7a765ae7d7a735c1bf5b1ff32e17b8e962f2f6f366a3f6661205612a07f2a3c78cbd2cdb9765876cbbd47bdbf24510406722f35890fa08ae766eee22e3252ff26fe5978a6bf58ae2795f73055ac33e6808b154397fd0595709996d905ad8c4aab5dfaf7e7c19f6c1b2e4dc1c660dfe60e550b9845c42ddf09f98201441dce00ca6758d11bee8bbc488d41624f3772a0f680cb7715e27c98244695de5a522a08b4b764ce3a1f0511b1b2cd71bf0ed86c6731d91d3e80e97817daf6a42714a5b4a3ceb12e5efbf2f62dcdf0491798482006faecff85fcdf9b93d00f1f9c314637b6d08a1764962341471438d756293f8010b94b11766f3b86919930b6da89c772c94794f6200d69f8bb385f9e117d5eb0f9bea09166f00f85e01c82ae3735cc0413709ab713049155592b4b499ce8b3f5153b30f39074eea9c25eddaff21b7759b02071132caaf5c2dd9c6e87c7c7fa1319217bd87ae481ad6739f17ec3ffd0f9ecafcd598f2d0c05a38efef6c8c05253e160aabd96cbd8275a42e3f20a16c6b34c92a9daff7f132942d70b71571af64b2f919bb5f8adc7ba5d0105e8a99080c069c24107007c8e7c4fee4b72de42989e6c11aee8d2fd1a9c1b999c35ed6cece3ab83ecf4d88ad46f90fc9cda4dc1e66736a600b59012c0b6e318262f6cb298f1138ed7b0791fcb82ac9bc57c1a0b86c9f95ee4cdfee7eeaf7f51b054713d07dc348e313a3890eb8037456246bb35b6846b826f77b9632d78810fbf895469e2a87ca4b7a0bb48cd2e6a7da385e13cae7c187b0c14fe0d50641f4993fe087e35f9db9cdaba73efd89544f7d0e7bb10235c455ed31bd63a9652e7f260dcfa39e58806b4c6b43bb6290f5d0c5ddbc087689cb0331aab104b99e6f00f88001c82ae3735cc0413709ab717099145592b6f639566302e5646fdc3291cbc26256d72bfb08b10e8fe90f3495ba2150d8506ad4053f9bf3a40d73ee212392f96037b9508ac3e4d41420fb155186f8643d7a2f16db3572d038dd5d5acf015a90ed603903c0274cc2ad777047d6cd932536d121949d181eb45734a6e86f51f03ee4fcf62fc1180809a2f556439b21deb7dada950b634402f257573cec7941f7ca7abc22502f43ea4fee8649ff6f75d26854f4e45d3e14dae3c73678e2d76ff9960f3e4aee84779e3b3d82710069d3ca9052b96d71390c6fb0d143fb4afc898f12089b161e3ab59ed6e03b48ac9c5e0b74ecfaf27a56e7618a63cf6363b48a799aaf20e84ee093567b9aeb5aa1030c45714668f01a056fb7443f49598d6fcda52893fb8166ef9e624360a8cc6b3d36f0be9fa05c1eb346b24dfd2d045d65550a17a91cb9dec83cafc10b8df5b46552519e9e09730365daa3c24d50bd11e3b34b9ba072fab1e7a5cce5d22e132905ba97b4fa1d88b0c0143e70a3863a2d393586ac21b26f00e87001c82ae3735cc0413709ab71709f1455922d4a003d47b180a44def0fa9fb199b434b95c12cfaeefc75857c1f150f29cc47b443295b7639e86eecabbf2d8b62d926362b14517e8622f8627da8a4628dfa6f761a7208ba84cf62e0b94dcab1c57cb881c89fc6f83eca54401f75171bb9201ef651d2d57c1e2b587e728d263d2d7d749c0e62a200443fd80d0f236696bc1f22d47049e1aa75c7d687ccc13ad25667cb1ba277c11f83256d91d9311edfdc8b8284651375a3fb5eae8e4ba5ae7e3219e07e870fade504b7ad8232bf5c1469824d8493fbb602347b7db1133b967628bea46001cca1ccd42d762afa3b43e891d6f9e1e26a9760dca323ff4ff14b9bae61d983354e1b2248a1fbf2c48c66100213781ba92ededcc80b210964e9052e3bfc5e3ef9e6edc90bf9fb83a95631280f85c05096f5d52a54c0e22c0ec2c5ee7436c7f8bcc77e755c8645d275f683c23ede53488eec3f23ca12e875e99070f3f94be28df8530eea7f267ee1daa533a2af177d6f000000000000000000000000000000000000000000000000000000000000000000000000000000000000000000000000000000000000000000000000000000000000000000000000000000000000000000000000000000000000000000000000000000000000000000000000000000000000000000000000000000000000),
(19, 'Teodoro Guerrero Garca', 3, 0x00f87f01c82ae3735cc0413709ab71704d1555922fab7a83d56d90dc324cefd5794fab3e3b1d558c85681707b647beb4f73df262f3bcb5d8e2fa063dab42cbbc6f61184ca2dbadb274d97246208966575279237ef409c76d94adbbf7f4f6e453d220a23fa4783e5d61945a3fb097f67c3f0dce13aa26abdf6b2b1ea06bd68151e733c01797074baed0efca3cec4ad8d45c5454604204c1fd2246550271218546ecbfa64cb720c346b8f6e3915513122b869d24b059687b3b5c209b429a8c14731291f1eb5b513d9ea2606115cefd2891fd0c693d91c7e1cf7bd7ade45f342c01e615e680819563409dbd5aeecce664c298da8169f9c86ed4322f4be74bb6b5038b00dc128606cf56e823d2f776610b9731a6c28e083a2021168f9520b5373692446e70e55351c90d137b9824362ee76cff7a5ba4074fbc9b4cec202126c8d33dfa70370f2e1dd20dd512c2f0dda5670731deb6dda5c6b494126a2fc26f3f3a3b81ffef416360bb7afc44f6d12b3b2e3980ec016614522fe1162b255d4eb16da6faa65f6f00f88101c82ae3735cc0413709ab71f0b1145592f180c4dcc2b4664bd2633dbe2f3b7a706d9a25ddf9a2b5226cc56ddbdc12d5689702fdb7b11e4699b4edafea77dafa5f69101f28dd571891b76097c4a5c67726719a1db07ab191e387145b06a51e57b2630007343fbed825530aa6b4c6d646a1928e57710f5fdec7b182692a44d8811a963777902422dd1ad2c78329868b8ac9ea44c02b0f615971456ebf950f5a28ef24614e44d719db8cd91c537425381aeeb316ab46980e9efe280c86c697c58d2edfb19ed5f964eee073b820f1d24defe6fa5b0fffdb05a4b5e720f065e2bb3336278311526839683485d173de50acc457bfb11c54fc5a965b37bd15bc6cbfa080057064bee8dc3971baa1633ecb6b94c01cfa4c350742f70db89a66cc0eb6d433a071565bd356b14fafa7a4705f6cdd5c345c93ffacd5a8a9bf36346b3d5a56732b672932a72387f36fd0f03723789bf98ab755b6a60238f68add52ea8b0f72aa1ed080c0cf501d4aad26f897023c79d0a40a7915314183b1fcc9557b8766cb970d6f00f88001c82ae3735cc0413709ab71f0b2145592965ff62168751ddebe99a692f2293126218f0a7f1ba0fbdb48107349abbc954930fa81ee58dae62f21bda5cfc02d36f5e37319510bfffcbb07d73fc707fd103e8128ed9e0f701be65b26e5d03d7dbb888a473b3daf67c9b1bf46a024d71dae95e5370582b0bdd82b1c17831e9c90378c63568f0ee615cce7f49e9e2eb79203ccbe469d169c170f7410c76c3c51a85e67fb010f5dcb8777ef2d3c983ab109a1a4d154261334092c1e960fb08df30dc85b881ae08bd35cf5de6d876629f3afcc3014132d565a5eb473246770a51c10530e9d54b9afe23166797c171794497a1dce77b642fb67c5e3612bb55db36f9fc607a76aad2bc9780d1d3a8afdb1b5e45f63b6cac995939b0883a269a97ed978dca22dd8d1f451f51af7940fdd30b7da06ec675a0d084bc6aed59974056ebb69cf3628c66f3268dbf8f558f1f2254b36ae3005acde7547ce967e96b1beccdc37c6652d101fd02428eb67fdb178ee7782ce531e6ae440e1432f092e6986eb1c18a8506f00e86e01c82ae3735cc0413709ab7130bd14559277036529f5e031864631c87a05c8afbced9542c09190e908360986fd74fb18a18a01229a5446aa2f0e81455d168c9f373e4d7a9742a7c5b73452bf6b7faacc504259e4c975c4c414785e5ab665ba13b0e722c9f02279c2024fba35faed7f36bd7f4de19597ffafddac02fd70e089dfbb834312f5bf52a3391019c76f146de52e2cd565ab244e3287a84d9bd509a54381c783d1e7ee7c6c9ceb06f6f2148c6357c090b382486e255736a2020a718b7b522fcaab095a6ffa921fe98a17150376baeea73cfdfaad01e8126f6cc220bd1e7c711a3831941789efe3a4e8d4091be6e523f1cf6afb5f937c20436fe96be3ce8245d01f7e0b708643ee3c3ec2adac246f7094753ac5bb56dbde2dab4b059c72c0af810aaf832c956a6eb02f5b2024e464a72d0de68ee79896130e098ff1c7ac485f646dd42e4173e9f65a9b6a509b520827bfb2b9c1db87c4c2b3415adae1b6abc1892d30308bab44fb0181d894706f00000000000000000000000000000000000000000000000000000000000000000000000000000000000000000000000000000000000000000000000000000000000000000000000000000000000000000000000000000000000000000000),
(20, 'Nayely Martnez Suarez', 7, 0x00f88101c82ae3735cc0413709ab717094145592a20b2ca84ad3329813372803dbeb2d77115c956a05ad93401dfab77a388206af91ea5699137d05f55ca5e2fc0a483f398ffd5a52e6c3aca63d280982b42231b8881370f75a300b48a4e76fe0405df7abbeca540b8ef8b6dea75397fd0553e66ef4fbc8983dcc9250e03d82f0e787fbdfa52e9cd83fa45b97b77a2bc702949eb01a9c1a47ea8278cd6e3898d18528772cb3234063a016d8fb24db679ab0267a41bc44334cbd48bdda6ac4c08a834725cb6781f6545a5aa7275ce9da2f1b959203735b4836122bff6dc44dff9e296e6fe8cc6a914a726eaebe88099668d2a4e96123f348123b0980f0fe9645047e7cf95d799b8ea095dd4050eaea4b051d9b254f5bf2b09ccffe54d175fac1c2fc3fcefeb4807d1836740b5b75d5ea2698ef3a10bee06a7fa15fd002baaab0b5a6e699e865df0f051cbedcf380642514beb5bf9b7b5ad59fd4f71143737833f7f3976f60cf4fc42bed2802c362db3607cb2b2a62344abe01f652dd7883aff0277a8c28694e6f00f88101c82ae3735cc0413709ab7170951455920abfe6ee035dfc4f09ee61dad607533a0fa8f6ec86c54371d0a349d65ce7f2c9b02c203515f78e9355994e5e2dc22b176c207862a1b993d3b918208b91299ec3757c009458c1e686c744e3de7b0f8c4d110d4852bab6c99e7355e345c63f1210b790a6bb2c035896012ebb6e31d133346190099b30637acafdbeb6c3c73e6e4a3b4b7be2aba377acaf03d538c333a665f93ea5ca44c422943113dbecd292f4b3d220ed7491366a8359c8efd61338ec460c35a8acf007dff5ce4f6c3470bda584b0a6a34aed6ce1d2e0c8d61135a07083065501b92163c30a90c229a39d46ac61efe5e0a6ca18ea134b29fcf4a485488d515ede0f36ddda13d6005fbb7ffededce7afef92e96b4bba8b37590aa77225237a3e28a197a6e5fa0996ea82fb0cd933029fc4eb1f64e687c03cd2c5e61773525f750b571096187ec66386e80dcefec57a46bdf2da1b94d3459146c4ae244dd08a26e45e13b8ba31d5e6eb257f5276969e4d99446a9d38556c33a4590e5a0586176f00f88101c82ae3735cc0413709ab71b09b14559268b9cc347e27faff167ced14f057b9b346f801b90d19f038ed368c743115c9bbfab4fe60549696d35eecf322e61544b46219c0c31ba8f8339f863b6bed7faa6015de62ce3cc446b007d01592c855e289c1f0d04cf20f4dfa216ff5e93941bfe8f088697e36b7b63836d3592729f7954c2af2d79bce466f50141b0e7196cbc2c95cf202f8b5c4527f82bb0c6461eb7b12b015766a1fdde72b36f4138988279b4914b527d86dca27fa155a4345cabc16cdb584cad8cfeadec4ff9331d9ce443d5e0d8137496c02349db766bb5495288d91d452b601287e1ff732369b9c93c6b56ec78fedcaf9f687729ee19c847de87e13b6ea6dd8b75d1ea79deb9b0b553879d08cfc90d1c7f01668ea4cacf396b5d3bdf6d4d4de0d2b32c9576b9964075b9b7767bd3c79a6645c6c5d8314f07ad9f49b2c2323299c4d499a6773392fb8152b7f21e4499c03d71fb8d79c6aa2268e0985a0703e8e76d819017b87373f34ddd8039d1b177f49077197ea6eb71702cd08c22c6f00e87f01c82ae3735cc0413709ab71f092145592f9b8a4572e45ffabee2ee7aceb5d1afc8cd48c782b4657cf8ccd08c90e56f675c7b086c1d9ec6d4ebedd2c98137fcbb2e49dd6c11ff96246d394f664bc72bfa8c2c7396ddf83b7bccf3ab851c2689ce6e58782d10b5c92d82df623c78a1d554ff3677375a7f4ba73fad3d729a74492abea5f80abee14246f6c89c918ea8bcb8bfe9e8349de183d884072ee5939bc60195da9a9c87a82047296b6a1fa1825c2d741df9942849859429112d230f9e2bb7cb288af520cdb173b85dac7f8fca38d0b6b568f2d5803e9dd787232c5c048522caae3004569a21910733d8aa4b61889805ca62d942642ffaebc991fbc634b9c023e7c3324c43af4d55f2657772b18984f6a1d899dc2dadef2635435558d1a69f4924901898115ef124178eedf36105f520a98ce244b08d8245127ae3a9d5d87cd3c76c29b1caf868eccbb77c1fb0b3c7ab12477a7e97eb3b0a16424ba31cb6805055e9d24d220098172c5a699dd83b8f22a54a12fbb9b0baf2a2d9ac32dd43d6f0000000000000000000000000000000000000000000000000000000000000000000000000000000000000000000000000000000000000000000000000000000000000000000000000000),
(21, 'Ignacio Juarez Jaime', 2, 0x00f87d01c82ae3735cc0413709ab71b0891455921dadff36789a8e49bccbf3bb9df8561e0f2695101e17d13d4823dabb14383fd8f3761d85ea1f20a21499e196341857cab4b5affa5a8928bc6099f8df1cd65c03d57ba71ac50eb27cd1283cfa313f1dfd29b4f9b6eba582142d32c6e3ce976e4765b9bf21320e7acbcc34cb45bf922010664eabf1690fb0499f553152f6ff2668f717b8cd489f8f6544c5a4b31f7f637731c23b183ec4809a75e4ec4460cf108287ba9482b6b82c921dfdd473802f70a6325a01df10a6eb079d00a3180497de70a6c38fc0c91c555ba4ba5a10a9794004788b8975f01e0d9873a9745e5b11274a1f3115fdfd66e309497d36160551fa1b928c9459d2fbfa8f7dea8cfa055e26e9f333b67ca310289b9e2f5fef2eb156909e378bc5862ea201456080fb8bfd6d981ce36f249d0f02ea94e534dd0c3bd0c5a6eb22a171caa4bdf2e9a7b01fc2019ceb18e320ea55433bbe0f563bed253a4def96b874bdaaddad74b628bf822da906805cdb775237768c10df3147e06f00f88101c82ae3735cc0413709ab7130a61455928eddb291fa9b5b8ecc0aadfe8bca4c4dc655fb07fcce8caf67a91d8c33fa6d72f7a30e2e09e535169c78ed78afbd5b3764458869980391c40f5d1f34a44443d51adc5200091077094c5a48561afda5cc2ea89f631c3db207d7bbd7493803cd3c75bee3f1bbdf8764b78aa181d8bc8be7acad5c6250e4960c8f2922422ecdac6f448c5ba1d61396fb42ee9327508af776f334ad5f4635a444d63ca9170bd8ffd50706f8396439e282740ebfd55a13bb699d4127ff36344b12800a8075c8e7a4f9ebb8726629cdaf1a8635ce4191605465a03c87c4d10409e0e352beed62538b4aab901ec5019949daf0c68a06f2952670347cfda78d7fa9dc13188601b429f02e05d14f7ba57244133e049f18077960f9af6e5708bfc24f854dff1cd22546c670ae20999a5be879b8b954e5586cb68373f34a499384824612086737cbcc7b41423cc9142c0a6d2abbddfd08e36faf748305c5b87ccf7ace716cec221a0ae78a61d61afec251eca6015545b428261141126e6f00f85d01c82ae3735cc0413709ab71308b14559277522c8048201928e009b92848d9678342250e68decf41ac05afc4f230b4ba2293b777527265c892981218197d249157358e7cf40fc8b23dc5ceb1a7b6c9c78f4da1b3cfd2f27c2c57a6788571e22a5a0539667a14093d5fee831f226860d21471db352fc3cee2fc50f72e624f8745875f269c132ae5c663529d5bde8dfe74310a8416b488e94e050c10beef4e582f4aee0fdcd44a593868608ce46be72186f535781af3dec38c76ed30ddbddfc635e6470cc36be5d7e9d6e2a491613c49bbdb42d8d2c846f00b04a4353643cc8c79cd961f9a08598bbe616f47befab7612242cb29670f69f9895d7e92313e4e29c51454d0cac088009d1dddb3132638d110a6ce5055e048a7c77b7fdf29632a2c21cea4be1f40dbd9dae3c1f4b2c7b9b9ecded3f9449fd3f7fa48ee472950994b3657c079176624d34adffed5fe9259031fe93325dbfee7d8bcfec6386189536f00e87d01c82ae3735cc0413709ab71b0891455921dadff36789a8e49bccbf3bb9df8561e0f2695101e17d13d4823dabb14383fd8f3761d85ea1f20a21499e196341857cab4b5affa5a8928bc6099f8df1cd65c03d57ba71ac50eb27cd1283cfa313f1dfd29b4f9b6eba582142d32c6e3ce976e4765b9bf21320e7acbcc34cb45bf922010664eabf1690fb0499f553152f6ff2668f717b8cd489f8f6544c5a4b31f7f637731c23b183ec4809a75e4ec4460cf108287ba9482b6b82c921dfdd473802f70a6325a01df10a6eb079d00a3180497de70a6c38fc0c91c555ba4ba5a10a9794004788b8975f01e0d9873a9745e5b11274a1f3115fdfd66e309497d36160551fa1b928c9459d2fbfa8f7dea8cfa055e26e9f333b67ca310289b9e2f5fef2eb156909e378bc5862ea201456080fb8bfd6d981ce36f249d0f02ea94e534dd0c3bd0c5a6eb22a171caa4bdf2e9a7b01fc2019ceb18e320ea55433bbe0f563bed253a4def96b874bdaaddad74b628bf822da906805cdb775237768c10df3147e06f0000000000000000000000000000000000000000000000000000000000000000000000000000000000000000000000000000000000000000000000000000000000000000000000000000000000000000000000000000000000000000000000000000000000000000000000000000000000000000),
(22, 'Abraham Salinas Martnez', 3, 0x00f80901c82ae3735cc0413709ab717080145592345667e8f65dd001c4f40452a548b54e17e0fddfb46f500aee48892be9b22d2a0b399cdd48fae08eb43678693a6cef25b23425b81a696235807fb2825b7b31920caf1b68e9309263fdf91b18163977249b5a7c9b55ca5488996972c09478643216d5b2cb4b6bef0db0ac8c55036f9ed553fe8fa34c23ff6337f9bc4f366758bd1a79706b258a91fd46129df83bf35db58a10ea7354eb90968d4cf131f5e7fd298480bbfc02cdb56bbff082c25986149a209563340130512986cf4cd5788c42ce409dc469bb8b26ce9b7c2f2f221bc5687ac04adfe931c19e06d07270a04ed9b39bd424cc4b6575097040a31f6bbd42155c8d9c2b2aab98f4bd6f00f86301c82ae3735cc0413709ab71308c14559225a397ab427095355b039a7e772dbe799344f2902711ad66c2d4eae3c8526d41ff49a000833cd811572d0f62244bb17fc18f95203af7d018014ab69aa4e359307de8d9a5b3b649332917f5ccfb317f3ddd7405ca4b9e69d4214d1e636cb3a97984dcc7ac00d0722d76412a13539dedabf7845a4470c5ca23c348ae8dfc45b9625a71172f0c4bcb0ec5c5fb5876726b9776bf5325c38f34870aa8ba6159d226251518ed676ab60117cf62f747fd96f981b27cf6816438dee91368d28730d530496387de3a981758706db110f2e87c783b95b2e875847934a2ea5d64f85a9fb3bca100b6db6a5c56b66b87c2db42f7529ab75fd780bba08af5001962285aa95c927ae9aba27c698f2348b5ee754e85842a20adcff92743bfe949d6a02634222cf90368e02ef992fc25834cdaeed6e27e1fb78a53fba51129db0ee1fb0478148b437165adc6747ea7eb590a2bac9c4641b761a2ea6f00f81b01c82ae3735cc0413709ab7130fd145592fc72e027b68d1fa1154b84711c2de7fba66d5023f49025d1714ff510a45a1c962a5accac0678b31471ee0473d3afcf77e4ae630e28e03a6b4893a857ac11303e4f9ce02c2d5bf3b0d0a82bce5512518d873cb3034523b214a70f2ce17d33629f590562324f4ffcd691f172c64f65faf2754b49dca457bd60bcc0ec0ab38cd2d693b64e7a2513c9d61c084909827f6648f5698449d7e28b39e9175ca440a3245efecd8ec3880545300a4c5e9c591ff5c3b14b30cedfc3d4b2f1063df0bd8441c8efc8ff1306cc785c554674e9614d7286d197a507bfebe8186c1e810f81eff5e40770d1d18bfbfc18af19029ea9f61342f3882b5660c0ec113d18c0294b63d6652be1f49f72fded03c461436f00e85201c82ae3735cc0413709ab71b0f914559204df1004f245e3374b099b4cbf9a2a0a37bef236df0108dbc5d861f255d7795d3ad0453f09b682b687ffdef64490894d48d6fdb5d504b0533204c06fe649cb83ea62c8fe89477b89367c3411695b4dc290b059b8d718bf1f33ef28281d19b1358e38dbcf70248866ccf6f9ab508a2aa1c635e7ae62681fafba443d27dc0c44c29bb2c4a918562bca37c39a7d1312523e92dd6593b06effc23aa5bd9a7e8d9bddb574a5cd82f2ac5e7ded256bdeb1eca0b2c39902c8d289dbb3eef007bd1a8f41bb45be1835dc898ce09032a27fa79e4eb570675cb2bbb03370f77610ea7b6e543dce05e0e0ae7a572ec62c8bb1df782aa3ed10a11849ccfb464387b045e03a70e173d505785610b1887c15664cc5713131dd9001d9c4ce30f9e0b6ef2e1ec1d95b9e87bdbc7510b6ffb50619fbd4b26a3b13c4a662ac9060a5eb97544937bff692ca6f0000000000000000000000000000000000000000000000000000000000000000000000000000000000000000000000000000000000000000000000000000000000000000000000000000000000000000000000000000000000000000000000000000000000000000000000000000000000000000000000000000000000000000000000000000000000000000000000000000000000000000000000000000000000000000000000000000000000000000000000000000000000000000000000000000000000000000000000000000000000000000000000000000000000000000000000000000000000000000000000000000000000000000000000000000000000000000000000000000000000000000000000000000000000000000000000000000000000000000000000000000000000000000000000000000000000000000000000000000000000000000000000000000000000000000000000000000000000000000000000000000000000000000000000),
(23, 'Teofilo Ramirez Ramirez', 4, 0x00f84101c82ae3735cc0413709ab71b0e114559277ef589ed270cebe40f98991d14417ef97724e59cff74df08298787d54597c4cba453ff76c8d19e0779d114d116d9bd8e48f619e06fb4a80972b6a7cb3aea3575b9e15a49622137e5df5616c504858b3b44b59b37a30110d44174886119208ae2b3e1b682b248c556471aabb42fc7c464b93a9aaf45a26fc0f9e31b596e25a8a475cfc60a360da7c770139b303b1b332bd34f7eefa9b6181e4cdc9dbf4f436364d009c35ab51c2d56104a327194154f0ca4cf66f820f40e12a79f97797d7286b69d86906f1d745c576556c946320454d8be313fdd8d9df731795de2915ba8b9b602516d0e210dafaad51a54df50375b9e4aa7a4ba75bdd43e6b4a1c2df2498054c5786f3eb6a83c93558f3d2bd04fc135f4a8a62d81e4d9b243aef61dba56e6b7047371e8718e6b00d3af79bdb6dd327fd6f00f87701c82ae3735cc0413709ab7170e514559292fe24d178ad272443855dc1f1f713c6fa68c6e841e6a30e5c6da79344dc710fecffbbeac428d87f28affb88927a8474e9400a6b47e724f2c79f924bd89229354c8d9b1bfa79049c07ba877fcaa7502e35dd4720e4c6672d7d293be0b9c4d690db1e97a717b36c0ab58c661e7f495a0478df58c3a00fc3f36d953646168a2f850a9d89fa27d03194f0fba1d15ef965cf8ea4aad653697d4be625e190a9a27da88107ab35d582bcbe61d9280e51385eac05696a29d912ef998ccfbb6d55c7e3b4e864202f568eae0a1a635caac2bb553907ec557664d4914359067d02dc60d4662481cb5285e42d2bb5c745a864d132d3b5fcd17dd518a754392d9edbcbe466262bb132e77879c9c567f61a7cded74537b85ed3bc4002fe9c1b4bfb12941298cc249683efa463c068d259fc65ed2c4379e2e2adb66b6e70e97f254fb5187d6c9b5bb7273fcb0d895bcfa15424779d2c2cb1f9b174671ebedf011b9eaf8348dae7cdf6b08cf3874a6f00f84201c82ae3735cc0413709ab71b0fb145592d5b7a7a51e33e630b6e63523603f891c6271d2d17c1009d6e0b0818dc7913045457317affa4fb5aa7913b2b16b40b608a2f70cc15e2d1153181db112f2f1c32a1d7ce5078b43721298f98f1355ba6593c8f5b3c5c5bbf2a3d9ea06c5e7b5f1eaeb22229cb4d3924288bfab2189dcdad1fc18dec6748320bec049f61a689ae7998cdf17d5b832675a589777d7898c7d383c5b5a1c46c6037296a84b67b986888f063c6b4211f2b67e27aef5111662d456d391f7afd5b99a79d814d12f27ee742cb1ad359326f72459c09826d0362112e7f30bfa708a7ee90e0f1a1f19cdfd6c8711fffb9861228e6e2e34f1ed6956325d92ffcf0fd4631458a6a8fb16cacfa081adcd90126c578310c198b7b56d747cf38fe0a44ede9fa1171ce83015106574fba4cccf17877dca61780e1cc5ea19ceda86e36f00e86101c82ae3735cc0413709ab71f0dc14559235ea943e53be03612dc7b9dda0843bc8a9f9eafe22f66e65f4197fa6fea6569738c7069f1e96f7adf764f5d5d59f6594face2d00365a76bcef799902534333532297c462bf1a99711d4c13c336c669843884ad5c1242bafbee40d6d42875abe77adfe23bd4803f082a51960b00daeba4ce45713c45754ec771951c6b7c726a3c9516162285add9b8b85ee3f87d49a480f46315f93b8b6a0918c0d7b7cabb8f7ef68acbce41f2f82bf7706c528ce738ef3f7032a8df176e2d9a27b4648561145e314464f1735fb481fd84d814f5e04c1de9fc38ea31177799bbf3d3589998432b40c2910d42dadcf0a1c7ab7636c154f2e3c3c22ce658e394cebc782a2ddcbcd624cee973cb66897739f39b880831d39437e1701a0af3abd709d9e779760db383829f0e447dfbb55e844930ef62f91c1768d269e51cb17dc17bfbba0d1728043d85361568d1cdfc5c7bdaeb6dcb401b3f836f00000000000000000000000000000000000000000000000000000000000000000000000000000000000000000000000000000000000000000000000000000000000000000000000000000000000000000000000000000000000000000000000000000000000000000000000000000000000000000000000000000000000000000000000000000000000000000000000000000000000000000000000000000000000000000000000000000000000000000000000000000000000000000000000000000000000000000000000000000000000000000000000000000000000000000000000000000000000000000000000000);
INSERT INTO `trabajadores` (`id_trabajador`, `nombre`, `categoria`, `huella`) VALUES
(24, 'Rigoberto Rodriguez Muoz', 4, 0x00f82f01c82ae3735cc0413709ab7130e0145592b8df258a55562091492dc5b5b5657e02e2c7136ace12444e80f4d1b371589f0826fed1785756ef1075bb91340b67e92950294335f825ca3537aff354545c861d86012ad7da75b4c05083c1de734e36103d757e1104a299bcbd7a7af6999b8f3f6e8c50e5949035486dfe67a5cbbec49294ae007741a8c25be37ad957a52f762d584fbe2241197aa939474d6f13641dd4983c250b6e3e7150c4327082fb3d8292c3554a85615353ed0fd3ee4ad58a30ee20b4fcc8482a607726b99a27f85b20af416aeea8be04dd4375a66ebb5251960c9291ec4f7f1293da235c569d2105b9c74aec9f171aab00ffbbd1304bd6d759f28d71735c4dea6784aea5f64ce11a063f0a878b2b4884c0cc188efdd8314f1316de35d08e6fe212d47987d2539d479f6f00f82a01c82ae3735cc0413709ab7170dc145592eee98f89a1578da8483174606b88f8a5787d331f0d36fb11799b184ae17f4c5f8a73ca8c517a39bc4dfd92f097fece090f24a29b577363a7b187ca9a088664e8a6b1eda192b419bda287077033ac08af0398a5428b038ba4e34e4432cba2933e4e2fa83d614390539ea83161d87246b0b4e97181c1cebf48b75f6dab17d921db62351bc9a043ee478c017a4ada9bd79bc3d1ae2d149cb2507adf912c2820388c811b63ef64914ac97ae6c8da949d1fc4d982dd4affe7a8b2ef19d9a1c7f2602fc0fe4aa97200dbc7fe871588c7a55c5f677a562c347e0391c4d0a702903fc5c3c4b19d11df3ba7393d290ba4a5527a9a56f96a76547cae33a516b68c94e98b609b6bc26719e5a8782ba356d3ff0388c0649a62f94228206eb6bd6f00f82801c82ae3735cc0413709ab71b0ef14559242e94b9df4b728b4eb2be73612e4f3665fc0bc681c1c651179772463a2856e3e3ce50176712d0684f998376dab5e578c7d1aebfc2bbf60aa257c77e0a168153d3c0a3c9f48e8f4a9a68675edd8ac00d9fa9eeee99da2fd3bd2efb83a684c75e713da3bb545d887a7e82e99a19355dfe343ef0e914e78f62e0d34aa57b5e50c5cabeee0a21bffc85dd658083d69c7ef4a4c95d384a3ef5ce3daa72d37ad9aa6d98e91d7d86a469494d7303934c247b0df3b1824bdf123c25d3252953d8fbb95b06a116403e405e778beda48f515b7f940b179d0f76f065856403ceffe1ca9246c972f08f2c20615f4eb3184e886cfd1269e1f48f150ea53d03ba4a5c5f6f4ff19add44dca9682dc25a38e4d2b44b791cc673909f96ea6a2566f00e84601c82ae3735cc0413709ab71b0d81455921283bfe2ac10542235b8d702ddf91a3f76cb669a5a107ed5b5095a4e09f74fafd30ee74b92e8438a001545c5e76bf6b85ae2fd50a9a5b8483b45c5299d32494d7a909723402289713fe702303dd4aaf13c337c46e35e49efd7bcc7bd4731ad88d4cdefc599edfdf010f76330cf4ec3005fd4ea73fd2de85e8b91426f86307fefef1b8c292d2b8660c04809cb3329140bd142098bb82d37cb4411d351e0553d0b42eb3d895d611dbf260c300816a115e1fc20ded1fde229a9d86e36acaf5a9d01d04caa8e3b61d395d06676d2f67fd69a09f82927bc46a2d88bf036ac4ea342da2280dbcd9cc011e6bd6e1889b75b1bdedc3165e00386db0c411422a84cb7d15f746dd3712c3aadd4506741f0f2ef317f73a0ded89966f0fa466ba8c0c54f2154a5d35a06c078f7256e6ab0a2517a2abcfb8e571b35d36f0000000000000000000000000000000000000000000000000000000000000000000000000000000000000000000000000000000000000000000000000000000000000000000000000000000000000000000000000000000000000000000000000000000000000000000000000000000000000000000000000000000000000000000000000000000000000000000000000000000000000000000000000000000000000000000000000000000000000000000000000000000000000000000000000000000000000000000000000000000000000000000000000000000000000000000000000000000000000000000000000000000000000000000000000000000000000000000000000000000000000000000000000000000000000000000000000000000000000000000000000000000000000000000000000000000000000000000000000000000000000000000000000000000000000000000000000000000000000000000000000000000000000000000000000000000000000000000000000000000000),
(25, 'Gregorio Felipe Hernandez Lpez', 4, 0x00f8cc00c82ae3735cc0413709ab7170d5145592b0c84a614fedff03ab82e2105a2ef2456159281d5595f64dec32275ee2c8c6ced4ca7f5656c9a51d1342a73d9c01a2aa8b0b81f0bd263d4ee98e201a58c98749721560bb5c4174560c8ea6faf9d91b251547d31e6bfc4238fffd95052165188fc28e020c93af89a89f795b6d29f9ed5993a82f3c35a7c94948334036b90adef5f9decbc1047e02f206f74a5395cd3d22a1b9392ddbbd47f720cbca2d67eee9a7db73517199f583526483161ccdf58fa0960bbc77346158697e0fb7bc6f00f80701c82ae3735cc0413709ab71709b145592c0e49fd92e534866bc404276481fb55a605cba902b963f4441d77a777728664c1ff0429154bbdfe2e7bfd5937e1103b6c9f2ac5725451928aecfd3b2eaa22c6fa878c227ff6fa3640bc898e8ea1204f14338fdf5525594225385145c54cacbae1a88c889483ac2f227bed8f68bc8d045f0d5d6177d8e4c90b9653c7077de094d99d162342914074bcd8de995b7c3349cc2e2779d8c8cef6ea8c56ddf8a9e12377dd671b80994769d85c0a6991e12fd683ba9cef231bcc022b053452793887b901690f2e4bd7ef51409cb0b6c7f4a079aa6286c900b86f7e4cc4a4f9396d517dc06d924f2ca6978cf7e32e7595219ec21172cbc9197b2ac6f00f83601c82ae3735cc0413709ab71f08814559220e804f363eadd3db81e57b4cd5b7d0b4890521521133db1815ce50aa655587a5d571eb81750cdaf86676ae144906231b8b5d6a2ec385bbce37d87459dba4aa43d1d4629ebd7d940b9d02a125f22bd739f358fd867362a978695e487ac611263bd857637086edc9d96d8d72f04850944de1c142e62fbb4494ee9822478ed7d49991bbc263b3a9a2938772ec0bb00d2ea0f83c3969302100749525079b67cfd19d1a11afe7ad6c46c4952e09ee3112cfa5727c54731b1f8c023fb0b8f82066cc3fae09b460ce2910c2dc033faa6bedae935176c9cb2ce0d4eda64db6377540999ec12c9cd0a0380a786328a4cc32160db95408d9c9b1a7f2977243020fdf228562c819c2c105d866d95636a61a9e487727201fb022b78421a1a6d0398a5fb28f2fb6a6cc2e1b36f00e8cc00c82ae3735cc0413709ab7170d5145592b0c84a614fedff03ab82e2105a2ef2456159281d5595f64dec32275ee2c8c6ced4ca7f5656c9a51d1342a73d9c01a2aa8b0b81f0bd263d4ee98e201a58c98749721560bb5c4174560c8ea6faf9d91b251547d31e6bfc4238fffd95052165188fc28e020c93af89a89f795b6d29f9ed5993a82f3c35a7c94948334036b90adef5f9decbc1047e02f206f74a5395cd3d22a1b9392ddbbd47f720cbca2d67eee9a7db73517199f583526483161ccdf58fa0960bbc77346158697e0fb7bc6f00000000000000000000000000000000000000000000000000000000000000000000000000000000000000000000000000000000000000000000000000000000000000000000000000000000000000000000000000000000000000000000000000000000000000000000000000000000000000000000000000000000000000000000000000000000000000000000000000000000000000000000000000000000000000000000000000000000000000000000000000000000000000000000000000000000000000000000000000000000000000000000000000000000000000000000000000000000000000000000000000000000000000000000000000000000000000000000000000000000000000000000000000000000000000000000000000000000000000000000000000000000000000000000000000000000000000000000000000000000000000000000000000000000000000000000000000000000000000000000000000000000000000000000000000000000000000000000000000000000000000000000000000000000000000000000000000000000000000000000000000000000000000000000000000000000000000000000000000000000000000000000000000000000000000000000000000000000000000000000000000000000000000000000000000000000000000000000000000000000000000000000000000000000000000000000000000000000000000000000000000000000000000000000000000000000000000000000000000000000000000000000000000000000000000000000000000000000000000000000000000000000000000000000000000000000000000000000000000000000000000),
(26, 'Christian Hernandez Lpez', 4, 0x00f84e01c82ae3735cc0413709ab71b08e1455924a2378b397da6e10fe7960d8e5c31b5ec0fa4f7e0e4f6855db6c350d68be9b0a39d834e221cfee03ab5b8dcc0d8792401bfa01d5c473e6bbb5c13b3b94b0391fd5be8a6d4ae35470e19acd5490314d71e6cba2a2811dcdb9196eba7c039d29275e91ebb991eb3be7d9a4070ca0e3b3f1d73722da6d1bb1f7139fcc2c7ed98d1799af195c636a202e93e9c903411da166a4c6687b1dbc9f8280799314476dc1b13bc8855a36fdaaa8cb12f71e06806369d3dc644af2a31f1e871028954e4b2a0c78e26b0f83f68cf497a0e9b36ac53ec88263cddb7020abf8bf55d049b8b230f054269b8f98b55c5e07b2334b323f74da72cb36cda48e5b911352b9b698a3450556ae2d160ee61701203d914d7e21bb25e6b9ca2318f3c6cb1d364aa95c7e0a74d55a305ed5b2f7d1013ef2c81ac0f2d5f711fd6c7b17ae1dee7ff2eab0576f00f83c01c82ae3735cc0413709ab71b0e21455927a82825df9650167cee166f7a7fbe49e7ea6380aaaa2f1391501ebef1239430221aa86c013a7c929f6da6c52181bd0e7f0cf645df339707c2022fba1607e470ac53b572d94bb925360e61c1da87d5fe11946c512f410af642ea7831bf203176bd9cdcb5e3b228388fcb7659ce43e88c067f273995713dbf90f70bfe415d3bbef2e36f5e83bd6d4eb9f91dc2b60da3ce225597c75f055a2e72fdd3763e81d1574e487976b0d30c746adf49c899a421788ce0dd7b86955e81da9aab3e2277bf468695107c168b3230e84ae8aa0ba7b9235a134f4dd1a1f89c674284d3ebf8dec7c4d897b695cd68933acbf6ab0179ffd3b74fa12f88608eb4ea27570771bd9c129447b0236919a46d370b3e42658bd559df8c0132b316a26a3ecb63d07807c4415f41989eb1cf920acd60dd10f6f00f81b01c82ae3735cc0413709ab71f0de145592c8727320a5971b196f542e341c8269eef8b11122cccbd7f5b0d1b2d1eacddcf6dde98dff5598bd042ff92e8d395af48b5afc7d2e13aa09c683bc373e45e14ec6cb68f4a107165acd9998a293c98bff889e0f870e395099f352ef5c9b92d9722edfb495247adc1f2f00983e134d63b2bcc005dd2b81a8eeae24e33c58eaa26d4c5eb1ca5209f229325149059dfdcee5191e2d5ed6ba9ed80c65a0c7c2b0a32d5000bdc20351b6665d8c81cae1599491ac445863c6df939ac044efd124106563f2d5496ee77e6d3f5d1c2a6ff821fb304edfec6694dbaf065aeef0119014cd888e46423e5d0107d6b888b7fe0834f22e4ce40e8baa525bdf7d83fc38926e933825ef4c2c419ee27d7cc4fd1a6f00e87e01c82ae3735cc0413709ab7130ee145592cbaa73d2274e0aaf67949a8bc012cb6990f430ff50494d4b04c854aa447a64c5900a57bae85533112141fa9166ec291d32dd99bdfe6385a6c0a93a4cbbc16d4e8ea2d481e74cc9b8ca72736d6f346a221c6c5c1e721707644dba184c4b6c0c77909354a6207cc3d1e434c3cff06563dcf31edea3dc34093b5a8c9941ae19f70edef21b8e7ea6fe1b0b0b7d0592ee9ec4f61a1082142322ce21bd0e3b11ec07bda22e6049f0faac518dbc0a3810bc871536211dbe53f99fa3f04d26c743d18263148fcc3b645d1f7d78d70f667a9e1767c19953920b9ca87ea79b71f9a475998777e819582b270bdae951ca61f4bb8dedcacbd8655d1faed1570f501699184bf2feb298d8e06a9315c8f35c2b825bed3f641b14f80c2397175e2209b068cdbb133a9cfd8a61475cdf78bc90a6bd0b6f5e2a25a601c21aab02603947bd5f7961558d18582c6e5dc509c40ee4f48d4a379c078cfce5089601b69382d4ede011d32fd149fe942741503204226a6fd7616f000000000000000000000000000000000000000000000000000000000000000000000000000000000000000000000000000000000000000000000000000000000000000000000000000000000000000000000000000000000000000000000000000000000000000000000000000000000000000000000000000000000000000000000000000000000000000000000000000000000000000000000000000000000000000000000000000000000000000000000000000000000000000000000000000000000000000000000000000000000000000000000000000000000000000000000000000000000000000000000000000000000000000000000000000000000000000000000000000000000000000000000000000000000000000000000000000000000000000000),
(27, 'Julio Basilio Castro', 4, 0x00f87e01c82ae3735cc0413709ab71f08f145592bd407366b319dcd0ef086b9c636c9990375f0957f3430a284be00d2ab042a884448b4cc86807b7dcebba3bf86dadc2f579f0c2b0256964120db70848ff93a8d7d08c8b3fad337a06ce2446ce4e96867b20c7242e2f577cc7c6cfcebfd07376a1f7b99a8068dd6ea10336e179fca774dc538b3aeed793b106385f4bc8c6553b394abc3e5dcaf044922d2cb0d6e7d6c2879e37580584449df93976daa78aedf59a5e071d33ca4e69f906286790a3eb2447efd99ad55eeaad8698a76cf30d8dac51c9867c6668c9d426f0c98fc3c6da4ef4b5c07868a8d24d8e333d4394bc4313aa5bf2e38fe5e469049c2131956f4461c10751bb3f40af3eb57b87a105683fee2eae1d03e029f2cf7e331953872e848621d7f7c4c73ba19cbb9cec25c286d4bb554566c97c55793fecb702aa00bca89df75221ba02c70f5837c5410ae3675915ef0fe286b734fe74855bc3f49a1580c0376872f022cbf73537bd02b4b18ac63cca6530c47a2e58442abc9eb95992b56f00f88001c82ae3735cc0413709ab7130fe145592d7242764300041cb2e729a5607261f1834b5e350051741ff350fb99cc870995e577ec8727a60fe00142d0b48c2dcde664920626586d3e52ab0988e7f5ce5f5b2b2e50e26a18ea166a5b776d3488f8043d1c6b762677599dd1dff7afd3b0820c387169c5d37c7461832f3764a0fd493f433974026d5c1951490304d05322757e45655f2bb3d5b765e8e3a8d5d393e5fffa15e2441d3b2ac29fefeb28d90fc9b818e5ae22e0a1ffd7b2c156caf1c62208f1cd9c941755347edfe64ead6c659929d6b7f62e498a1faf06a4ab67c1739f58264a5af7fa38a305d56dab3f4b9d8e37f94d91d28855796454fab6bebafd4302496100deaca14aaa5f6cd070d69c8628e114f8728bebc5b68363eb1196f1e399c2a3d0dfefd10080dc6198812630884f1c2b2ad2aaba7d085dd853ab2dd285ef63bed0fefd1de8a81270d291a3869b39bda1675c6671028166346c05a6cb3e662e37350a252c402659c8138bbf5c6746f93403aabea421ddeb53d55be5457e40e6f00f87e01c82ae3735cc0413709ab71709c145592e77838bd4462474e812188897278ad942121196df32a49a851f971c42dfd6920690db4029b7c03b669b98abe906ff6d45139eaee341e95e49653505da990cb2582f0195f592b58a721be051ebcafe15c71a00d3ec1f9ef663ebec93bef5ad9356509fd9215d449696c390f1cc8eb00e683653f75f9e63c8cdf172f6578f24f6d167917a838543f5c584786cbc80ac485f4f24dac4d884ad49e5ef0d9c09f50d022a5f3a08c2ab1deab03f339a56b0bf9c9b2202374d45c5e0ac38c4019580b172378614f6f52ee99528479de8ebe9e4a9743507c6cef9b13714cbc77311f6911f7c1898ba30e0f542b208af175fef5a2a2e84ae776648e6e4c411aa34922610dc10277a8a6a40d2161e69297b8ad9cbc1a457e9be90151b04d5d11f786d8ae01269026f0bdad02f9c52f1c905a3136a7ca549e22a02014979f1d7863a89d130f02b6bd9f7b6e7c3498dfc2e00110d8ae89a5877654ca505726016672ab24c8e8888b9c2b35a1c9686892a2b45db66f00e88101c82ae3735cc0413709ab7170e31455929c7b79975ae99be8ef4d3b307071a11c21e68b18acbce316ac60c599cb826be7947696e09a9cffd11c99f4c8acee854efc661941baffe3a3ea2bda904aba621a9269ea6298f2041a5900770beb0cc63780b817f631404ef9d2676a4166652f337a8bf301f0badc88d3eabfcb2295be430546b9da4d082a2f292c77ac57cfc75e49c95cf0158a46a9516b5e3b59d03f274027f7bfed27b84c0d837da39c2452294160bfc85c9f0cff42aac03f77639993c5bba441173b011e82ccfd2d9a83675829b93fbab247fd1561d0aebdf5b7c9ff00d035244a5554cc6ccac88475b11730a46989f744ce343680887eb2a0430678ec0a053f51995c923581dcdc452edcbfd029cc9f0a606c96c57bd5d7f1551cb47f4ffff0eabc52f17184b18133915ef19974e6031ada86d0038bf4252fd2126598602c93702b294c58c0ff211ee49cafe236cb7f357331ad7c1cb061e5430924daa04db8d740f30e2646954a5486c13c64020e58c0cabd4c4f74397a692f9ab91d6f00000000000000000000000000000000000000000000000000000000000000000000000000000000000000000000000000000000000000000000000000000000000000000000000000000000000000),
(28, 'Miguel Angel Pascasio Mendoza', 6, 0x00f81301c82ae3735cc0413709ab71f0e61455928d3eb6938afe69d84dfb478ee6d637ab0efe6e9fe8ee08ab91bd8c85bb620fbabf2861870e444ec8de335d74e374880e7c1b5e0d0e2bc6c46687bff9fab4584d466283522c584a11fd9f5d6fff4c9b7b0648438e241cecb0adcd94145869a7b7e485b2b8e3fbf100dbb429e3f7b44322a84fc03d79ed01f17f10f27f111fdaa30f3663b24915abd6d503d4cf7142716cbb829a418898470e6f3173bcb11488a736931e5cd8069a50485debc5ba9fe04a354f8288e68ebac5ea02f735d26bf56f061c05cda62f9f551264faa5926081a569e240a02bd47446c32b27307dcd8e976e005f8c81e460974723f0ae5867381b2c80b621df332590280ec69a15571cc47d7bbb6f00f81101c82ae3735cc0413709ab71b0e01455924f95f9d378dd0dae5af18873a2fcb3be55fde01e16dfb2d2be422b54f48dd214bcd07105828f80e5ed7913f20737718afca0cf21eee827b511ea5e3e4cee6da3c7aac4c1052b87292a89e93657cad3cf050e6e9d712e7262594221da91e688c9dae428217082910d344067e4e5af410c43aef5cd9dc9ed4e8521083df9bfed1319a832d762edf40e39ba861051d90f6fec5557e4d20f23f24b59d2e2e3c073f77ce0cb704e334e8a9ed521f3e800866693f09994e692697db82db480dcc10cdf862432d318ffb58c639776e82e0cbf9abefb7a67c051b9e45b13bccbbaefc9fb30a18db75f912c2c4745f43dbb16c983b60d962444ba3843d32599b8f293fc2d9d6f00f84201c82ae3735cc0413709ab71b0fb145592d5af934aea3b20475450e55260a6694e07e513d7082775f86db53c2ec2f217c6424fde58bafd0d0502e67ac75808ce34dc3248f00fa4138bddd1fe2780ab4f5614d5833878e47cafcd379f59258ca01535ffeef436699fb8b1a11fe6d3ea7e74b85064540eb02bd629492e37f792475ddbbfe925de84261d9f9b80a614fa199cd409ecd0d336038cbd3d597c91924449d2bdff2c136531c0b101868a404f4f65603d34f4fa2c9e0b7b1e0d48acb061e34dffcf1b82e6cb85ee886a16fcb595e15074008d72bfffa6e0802c27da8d5e25ac0b3041f3d7282c10e9d0af6d089630b3e227c1acd7350435b962a39d51f32861968b39eaa1247c7b3270bfd7b8aad6739fe64c4956fc706c86d20e48b20e1efb16ae9a4a898310c5d138b3b79e04b259b2fce75cf6b46ea8a1cace2b58a7d68cd56f00e87101c82ae3735cc0413709ab71f08514559258c9664cc7a9229da3040041a509b9bc1e31318f4252624dd7bbe20a00b6eed886485ca63c7efafc65ec5fe8a7628ac34f184d7b065e38e514f5b99095e22cf724ac3b687aa65fd36e6201b813b7bac33ef821d8d01afa9fb1a6d8c1a6076954c28d767c97530d6b6e4f40f6823fd655e28e05e6a993e6a3dfe68afa77ca0027bd8d9d8eb5a29f9185b594612d2eb9a2e00ae30a5805c66ca2dd8e74edc121c840103838b98095eec40927bf0f9b996716a6721b06d9d46152f7108bcf569b277b57f2ecaf2074402706a7187034c1b8a52e1e1b9d4c646644f6f608c3e3742ea0084f6640e5f5d020e1e81521507a82ec427259c6b3acfb1ba66993fa5425197d621ac59132795fc452f424296494ae173641f2ddbfd44d97fc498b70648e215c21e8b871fe00ff8a1f71306caf1d45adb10e7a992fb32e874e5e7b928ff136511f240f27e0c5e9446b2fc76d5d6d02067ed7622ca48a2ea567f89de0830c5d2c6f00000000000000000000000000000000000000000000000000000000000000000000000000000000000000000000000000000000000000000000000000000000000000000000000000000000000000000000000000000000000000000000000000000000000000000000000000000000000000000000000000000000000000000000000000000000000000000000000000000000000000000000000000000000000000000000000000000000000000000000000000000000000000000000000000000000000000000000000000000000000000000000000000000000000000000000000000000000000000000000000000000000000000000000000000000000000000000000000000000000000000000000000000000000000000000000000000000000000000000000000000000000000000000000000000000000000000000000000000000000000000000000000000000000000000000000000000000000000000000000000000000000000000000000000000),
(29, 'Nelson Nio Talledos', 3, 0x00f8ca00c82ae3735cc0413709ab71b03e145592546a8b462b2739b0507e05a52d9671687364ef5bfed499c5c132b6ecb1db2c27feb681aebceec9e5d3308eaee07a40955b8a82c7f1bad161bd8d3c7115273c8d07adc1df2dd1618f47336e7e32848842b0f491398ae35be33d8ef6449bd2b41751646dd66053d4dd2d0ced7c0894350a2016172b1a03f7ae95b392c4a5d3aba4682ab207395478fbb161f99be67a0557c19fb1a79ff981c1e6c8955d8686bf7ee13ebfe01b497449c68bacf92bbc09c1f862bef554365ffcaae16f00f81401c82ae3735cc0413709ab71f037145592a3598c99dd8c13d677ff2f376b3d63a6b732a25af6831d27f8ec023d9a98f5cd17f45f64780f47d4489d713fe13a6e31ea78b91b0736f8e1251f4732aac555a87d828c345db5eebb0633eb04d9c8acd9c3cb4e72d5765aa44b636148d32d5886e6737a2cd19a28a7963ba76ccc5602698009229079569c06345eb27e290bfb2d1ebdaa84ec85b21d958e288ddd333f7de07445e80046c2725f2636dcd46f50f630c70eb80569db55351b72ab0428c86c9924f41402e7410739709fad92165cdde9ecb64d70ff141d3a264fc9b4fa1d6d84b514dabbb015b7f5183acd2d04f97ea1b6f9dc632c17d288ea7935aed42b31e8fd61268d03b11447122fca3fd6227c39007d436f00f8ed00c82ae3735cc0413709ab7130df145592ceaaa9fad9e8d4cce1652134a07fc4a830dea35e6358a3da1923aa23de7c82d97a1b3ae65f8b96f404227b66351020ebbca12bffede9903aec4fa92cf005a7344a75e93b8a75c586a0bcb1c8c570ea57b7688278991dfc0799da63c8cfb025bc576c73c6f6277f22dac663e4f11c08a463431b3d70443cd1d319309cd3e0df54621dd542d8835150e64f70f42572034ed5997fb3646928c0663401f96d4a75232816cc3d4f8fc89e4e9e272a96ec59b8e2c50158082d770c58fcbe8cd87486c3e990550a6bc1e0a1bda2ac86658aaf030f1912b123533e9c7d1c6a7dc56f00e81301c82ae3735cc0413709ab7130c91455923beccdded91dfde730ba0e0617ff69cfbc646365c6ba0aec7c398b467a81d372473673a884087f965acef4e8832e4c46a9a76b31c0502ab3c13ede6537c008dba9d8acbca3068e691c0920395b343256430f87049dbdfb16d63039cecf49dcc83d2a7a6bf1c1921c6781dfc29e04ca8d4dcfcd06a5cac4a5cf956a0ee3ed9a9db55c07405ae00e0cbd094b21a4a03ca4916373d3b3acb24d7a2d348bb6d43510f53287a1fd0efba5fccd6287fbe48f082741bc4f658c00c733934a1c87a8bc48507ed6b51ded0fc1a268dcbe0e9d21ec945ce55c5196434fd34b00c67987549947be595320b40c88a1e36ec942e7fb80eebe9dc636b350360092f85769d4f623b831586f00000000000000000000000000000000000000000000000000000000000000000000000000000000000000000000000000000000000000000000000000000000000000000000000000000000000000000000000000000000000000000000000000000000000000000000000000000000000000000000000000000000000000000000000000000000000000000000000000000000000000000000000000000000000000000000000000000000000000000000000000000000000000000000000000000000000000000000000000000000000000000000000000000000000000000000000000000000000000000000000000000000000000000000000000000000000000000000000000000000000000000000000000000000000000000000000000000000000000000000000000000000000000000000000000000000000000000000000000000000000000000000000000000000000000000000000000000000000000000000000000000000000000000000000000000000000000000000000000000000000000000000000000000000000000000000000000000000000000000000000000000000000000000000000000000000000000000000000000000000000000000000000000000000000000000000000000000000000000000000000000000000000000000000000000000000000000000000000000000000000000000000000000000000000000000000000000000000000000000000000000000000000000000000000000000000000000000000000000000000000000000000000000000000000000000000000000000000000000000000000000000000000000000000000000000000000000000000),
(30, 'Javier Martinez Urbina', 1, 0x00f88101c82ae3735cc0413709ab71b0a81455923896036991ec6b7f1d6b0d8cb5b997e4d6687463528633326f57e9ccda6eb7ba44459439ea810ffe05d542306c4ee1015b6607d126d479b92248023c150a6c7d483a7c6813d1bd19db4f59966164055c49d813ca212ee0096207f6cc85d87eb7dfa42707f1c31ee87feef5e4a12457524445822547420fe1dbc4779e7856b9a4db26597d6a80a8e4e67790860eff83b1da1bbdeeb7f08483ad87ad1767e6cc240b0372ec14f750f719adf639f1f8ed853c3ebcfb4ae87ffbfb03bbbeb11cf7ec26e1c9f5dbf89c59afe679687fd7f9b89fec5cf6a71c5df06ed8d80c77b8b673b3737c0a9505c20430dfa5038a563d50e3d786b011fae24ba8197bad997ce4958962d7ca9ad2d218e4d247c1a8a1a14f0182a97b3d981d49db291ee39de63ee617d098cb4978f07e1b22191406dd3cd4b444dd22d2d9accc6ab628e2d4db8e6bff28f2364684c9c47f7434cb8f682ffc21209e95610fa52a048dbcd4b17c339768e65aba347d29ea65e7d6373d1b2d5ba76f00f87e01c82ae3735cc0413709ab71309b145592a613b42fa50873f7d776074118d66c3a8315b4470158fd0cc41b91862eb99a45443b12e9bfa1d5c6c0c81f1e9ae0a68009d389071a71018f0caaa26dfe88e79540b9183b31403178c32e63aef1c6d00e9a21a63b7f5a24a5f78a34eb55eaf917b8739856e7445a3610284500634146088b252517bc8790d23423155aff653d4368d4435ac01a1c4d7c938c52f26f56a4af6b1d24b97dc411ce588021bed09bc87129c69bde2cb6e45a2b7b3a06c855bcfe51d508c1fe8d376a2a286be0f5f0bdf22bde5a2b45fb87865a92a104bcb2a2fc829810a6684384dd0ce665ce8f6573b8fa7c85f6493b66e7b65e8f8b170c8e6fc05bf4b182b0a8486ee9d66ff1269624b94b16ed19b3da3f7c1526ad43dbc803dbaf9947878bea30168f07659bab3f9cdec8f65decbb8e53c8aa8196d07536304e20fd9cb5b82fef188906845c62f93d4e997051743f84ff17817df4352beb661d17d52a298efea013f644f9d775c7347107c2393f54a8262dcab232f46f00f88101c82ae3735cc0413709ab71b0ad14559295cb76a508473db56a784a284db59d0e77579cca067c5c8a88139b078d7d8b20a35d83689d789556aa60ccd40da82a42e0c73b53f413f0a1a3382444b072183aee0910a61811fc2e40795de4d9dd05868d9b1390c79408f2ba51b5d7d11a5480e0deed9f2cf5288adac4b2e7081a09d984f20f20df4d33180c0e8148c4ed681f225a2a126848945c7b65dab7d9f6f18df8ac2e846db773d4c6d6ce2032ece9d7e3af9a298d1831eac61012de53f5c7b9b7b39602f9308aa3996b18a398cb00eda14b2e54052c23c91df8f4a459bd1d6229c9682db165cfa400dc7442ef6596b7f74f07d658451e9a5ee8ebf3613baabaeab738e1771edf84356d83084988fc8d434ede56ffeb8dacecf47cf3fa3c71dad2c10035bd6a95e97a58a4fa8dc6f2ac8fdc7e6b773ed474ef654718ba897c9fe3b24d2da97d6777f418cc21a71abe81ca778089be22f0046c38d30404b5a773f20c3548829be4136d6134351dc93672202f72073ac956ef795f18cd0b7ff53c796f00e87e01c82ae3735cc0413709ab7170e7145592770aeb57349d2881b32d86ba0050ff9a0a0f312c2987a05325cbbf05e63cc297b5163216bc35535721f22775c58992d4c677e0aa00144b8f06c52daeda744e416ff0fda4cbe073fcfa49ab23c5f85acd30266980c20d4e6234a08318da8bec2e3bbbb239bffe8091471444c2969f9c36053a845899d8cbe2a70375a8606034528c6f26eafa38b538d4d1dabad3f8f04d125d7f3a1b84c5a1299452c7968fd56c2d0d1590da301eedc4607796270908e48b4f0cbee000ef81373190b8288161444e8a27b8a2421a49e92130a2f73ec46c796be939852480302852a2fc71f325bf9392045212499685db9e6766f10895e718acbd4683b3ddc3d9e01595ef806f3b2b525246a4fdfc0db07afc6a910cea9428cce781dba04b91505a353ae16d86817a2e9216529412aaecf63222836e2539f3a0f55e4401a74267c23383b9aeba76762035383cb0598069186706d9c9bb08e45535aba4832fdfcedf36dd0cfe3d92659119d2ffb2727c6785250ae71b6f000000000000000000000000000000000000000000000000000000000000000000000000000000000000000000000000000000000000000000000000000000000000000000000000000000000000),
(31, 'Pedro Manuel Guerrero Garca', 1, 0x00f87f01c82ae3735cc0413709ab71b08c1455924c86838c66039332e8abe16796aa63a93734bb8f968e9d9a2ff463d68d805bdebf2021b2eefc73161022884c2718c503b4df685f30a1de7133d4648140d5b20d1734d9cf08d3ca20f62bee4780923bab865805063751abc7292f930f75a5a5a8bb41d05fbcf7914c1176eb185ca24fa6519bd25cd367495b40ef5f2cf4dd6df7aaffb208d50332f674dc28c38a4841fd777d087b02fab240df78171ec5c7fabe9e5a5a605b626a656ec1c72c7a4250a92ed34612e1c0cf92ed5e1b520cebe50a552c9c1fab341ca346db7220e7f4a528bdc431aeb9a38120f7aa838be33ebc83f503d48e9832f80cb23ca90958a4ed117bc2837178933ed58047c9fff0f5086f1250563ab87d760694eea5a9b4add0ef78a9b2243f09bf8e5c076b138298dfa15ef488e76360c5d1b6291ec8159804861bdc6aa1a5c847b218d492720be2e1a9c7e854f301961133af0906ef707d1b5ba67599bd00c4d3711a410018371ca9d3d593afe4c8c28e32769d6908c5c60e6f00f88101c82ae3735cc0413709ab71f0ea14559271571fe61ee82b52aade59094471007161825d9e0d2959b75f9b21d223a26ef2bc97ae14977dc94f9f1bf9e6077b149bf68c9a32858a12bc3d1bec93d427c82b67af58c7dc8db4e4483b7ff2ca72d94b3149d951c5b7d84d04abc5aa9b697e3657451d4fa1e52639b35a157fc784773dfac2883bc015f67b6ea4dadf1cdaa78a1165101cba02272a0307deaa03927f011cf9e96f0cf7f648187d863b9a3b5068508bd99c3a6da85881e8fbd6295399cbb2c0c0b89d828719eacdee0f5d9d19b47a633ac45c48075b8deb3417dafa57e7b64262f20b4a37b979a7d99a99cb01e168623b18d09ed0147c355a30ed9c0d2cc69291b5bb39d0f74b984d4719929ed4618b19fcf267099e964ecbafa5f41338f1dfc7af95a70dbbdf84ad61052f468035e01bfc21a4f113940e1d8827ca5aa7ad2affaf894e534f7be07bf549205ec7a3488e82153c03ff1d7ea038cb4861423698f479a4b9fdd310de8c050c393996e2819ee3fc45bce92da9e8def5ab98c6036f00f88001c82ae3735cc0413709ab71f0e0145592c2bd79dc81d07ee8fc960db5a1e82e70df5d026b459d9b958a74d86e75d0f404d18f1d65c87b70ee714c760cdf78fd14baefae469ff2be9e1bae268420674b255de72528d044f38a77544687a43b95207c4230addde2df56134516b49d7c80db976c35e4d1bc67bd2793a0265791cb2dfe9ececf4dc872dfe0447bfb4c1358052aeb88b949b50e0f92d6d3999cabf55bd038914aca0a493ceb3a2cde94c0cd41d2cc9302a72290727af6f2e2857700d9b4712a1bcc1097f5e1ae72c5be2efd62b80ce9261336c051eb0ddf13849c8403091b9f97371c38e97b6be105fb694d8b5ba2bb812e39b93a007c96253a71b5ff379e2391b629949ca8750f060a6f98c1cc22d6e390a99cfe58049857b76d5556c12778378e4042b9c6c84720fc1b094c8328fd1dacc6dbff2e557b5e9213c64880f7bd0c33ab9d126aed3d06fc0d048326e0b29e7a6058138474d44d6f56876f19896820e34e694a070ba2eec602952ef80e04ac41afa08314eef806408c1d346f00e88001c82ae3735cc0413709ab7130e51455923c7861b49d7ed4937c9e15206efbea157601ddf198e54586e5fcfbcf4cc5aa0e85d1b32f4b094c040eeabdb41a7594a3a329f43e83ca61fcb4d7911b2cf01f925cd68bae4207091529b9579a74f6d2e56aaa860d10f9c5d0ce5f38dc600ffa84e4c0e49f2761be136a7f1220b5b6f5e06eea91028b9f6f0999d332bd5d46c81592cb602b07e860df1330e68c504b8040d34f4e405b0d55c28c1959389fc9401a7ae63e5f1a47967d69e6f225012c10f176a832ca0b92feec1a3683bde7ba7dbf1985b7901f3e942207a64bb7072b6ab1001e304406bc399e7c0aa1555a9ad5fb25fd5b3c4e41f6fa735e837f1184eb486ca683e9706931a0a6d9fac90d9b5df79189078423a7f630886694ba9c9573aceddf072494e6d6b2fee85a41dbdc5cb4f2c3e97ca85d7feb52d4e287961e2aae742bb59c95a4748fe5e279c8c457079001d02f7a132706309e8aa0ddec478b63876412b9e458473d6c624e5182923a44fc87de68c6a952476607803ced1714b76f00000000000000000000000000000000000000000000000000000000000000000000000000000000000000000000000000000000000000000000000000000000000000000000000000000000),
(32, 'Alan Mendez Ordua', 1, 0x00f80a01c82ae3735cc0413709ab7170dc145592e7eafe0ba244862873e23b7ea3eadbcf274838c4585d149d2472184ce2eefb44594235f0a5729fa93d8fbb86fe2d1738d997b37b1e6df77c5725c2e26cb9e7832ee2181f498fa0b27ef6bae095677581fc6b52cf4497bd95e2444695892a5da7b76777f6191218c934f9f46893517adac991272781987e94986a1597ab1bc2f32a10e3639044fac12131a5f9ca1a60641ea1124a0a259e07b12028c5a0b702c1a928ad492cdd6fda4f63cf864f4c8df10e8a1f7c2e13c84f963cce8036ae4b41e069b6ec23926fb48da3ed3b443352e3bccbbe73bc2000f2507bc0b0cc34ad637a2760b2d8d31beda33fe20bc54a33e1bee3fd95bd6c040b00196f00f81401c82ae3735cc0413709ab71b0dd14559206cfb1bb9858705d56a5d36716c24049cf908f275b25474c8eb106a5abf90158c1a85300792ba3008105da62e1938e1dddf27d04c86ff620de3bf5d828f8ca46e99ee524205849c26dc3e92ef10b0500adb4ff5100f9a658ee256455d67dd63575afc649a503bb47d8963fbaeb32199f6bf15358161b6e69e7ce8fe3b99bb6499886a8d3c05fb5ec6a23647a5069a605a0f4c979d0f50e573aa2b6410f4791568566dc780c603b791147c37848801bd0ce21c70e57bf0b68570377d27308beb2040def72801f970b40b85611d9b8a4527749c2d9fe23d5269f461146b01d30371ce67e79f28d252aae6a184ff22504d17f6cfd256a908af5db59695b8dd273b42da717ba6f00f85001c82ae3735cc0413709ab7130d714559237ae37af7b5b8c754f4a23855bd0ad69fc80ca6291a7ee2902081ec80566bb5f85077e8cea12b538126c2d482d3925ece18fb4efbf6c4ac4a385c26f9e9a0b51d08a932be85392de530c345440cd099532ec62f61d7c8e22f92b49d2e4112c30d3a0cdd088879c81fd87cd8e4c8e3a98d8852b90a06b984dc4652f1577a954daa702fa044df8bd546969af338a06f76dc25fb54fe5f8eaeee15759a13a1ad43af95d47a97f50ec4fe38ed01f9aec02acbcf656c9a18ba015db8cc74a3bd73f2f00ec7f5b550c5bff09a570428d34fd4c9e0ab24644f89513fd729c2e483ede0fe416c246b5074ab1b8e2c37e5e15fd16bb8e5cfea9e315236f7798dd6abf5267e2cd549b3fee191b08d7c77b1fabfd4782aee93dbaa8ff3ad9cd24da98772cc1e6a66dd22299ce888193725f1359aa1a04c9096af77fa3c488a7a8b2638e20556f00e80001c82ae3735cc0413709ab71b0c01455920bd83ec541fd757206e46f1e768532438c1a41bad942886acae577f3ebd071fba939b2dd0f9726b13ebf3ba88d4dba8fe31e3c0db06231e9082cd2334929f921b78d41c9bbfa3cd69904c3752e6e5b32c0b3831bfa6a73c1d22e41555f81c837e346e1be12fccf8178cbc809a84c23cf422f1d0627a4216ee0b06612553f144fd50d57f00b37622637f7f5283d87534e7760b5071cebceace5608a0d2d4ca5625efefc55ca6895d750d59db314e349440e53e850aa6e24bb4c8105f8762f2be74991074fed35ef12dd3c58a4ff9fb98c3dbdb65d25ca3d37104a35b138b24eaa6728727558b83580e63d87663e321d756f00000000000000000000000000000000000000000000000000000000000000000000000000000000000000000000000000000000000000000000000000000000000000000000000000000000000000000000000000000000000000000000000000000000000000000000000000000000000000000000000000000000000000000000000000000000000000000000000000000000000000000000000000000000000000000000000000000000000000000000000000000000000000000000000000000000000000000000000000000000000000000000000000000000000000000000000000000000000000000000000000000000000000000000000000000000000000000000000000000000000000000000000000000000000000000000000000000000000000000000000000000000000000000000000000000000000000000000000000000000000000000000000000000000000000000000000000000000000000000000000000000000000000000000000000000000000000000000000000000000000000000000000000000000000000000000000000000000000000000000000000000000000000000000000000000000000000000000000000000000000000000000000000000000000000000000000000000000000000000000),
(33, 'Cristina Medina Pineda', 1, 0x00f85a01c82ae3735cc0413709ab71f0f8145592b3789eccc3e301d70e7647239f67efe2d3c1cb5fec17f03462ea482dca28dd43db8a4aef71e25ec5bd4c77e4ba5a2a4cd9de1e6b78f08823570c3ef48a1400ca2659163b357177251cad422f0ae58a8de927147e69863bdd6253bb1c6329a3cef6b1dab090805440e5ea69de2dbba5765206cbfff2cb65226ca3cac96fea9c9e71686d75de37e7b60430200b9dd5d85d22cd712fc4f15501c4c12d363145d79fe1171e9866d35e3c5ddcc85a6549dc0bb6a858d4dcd717072b15d524f00d15e29422fdb99936ea0ed36a7066a6a16a93d77e3770548ba1de1168a0bbfec4a23e0c9f4388b890b2e0ceede09e6e72afc9dbc5350b51dbcf74d9acb8367fc48ae4218b3fe4028dfd69314a036293865be46aa684aa71650539bcb60a11618d135e6a535345ea1826cbe8b56e9ca9248dc72e3d6b819a61f7ea9a78e80998797f672d589d87198d32b5bf7d6f00f84601c82ae3735cc0413709ab7170e31455929377e702e4664a9d0fcc54c3a5a46936b3954f4428e7ef21982728172b9588ed3252011a110215c54775f3a579a7dfb38b94d7dad25e0828ec52e97257808663efc52a28d2354c6c08d9c9cb8dd1e8e55f0d2ce2fa68438ac16ff1a11863a8a23f66b67f6905e809245571703785b2a00b44e834cccda61a545bc10833a01125302cefa66eba1e902049e3fbbe73e1b26aaf89530b855672493f2f4f8298565efd41ab3d186fe84cfb781be3c5603e84fc7a9c9f047d9e5e3b1fab1a6ea313c20f7c7c1eb7fbd5e8ae5ba52b6f1aaa0ef7bd5ccac2e1af0c393882fd1211496022be3d22ad4f6e5da477cc714059529c35c2987825eb2e21d00b07ba09f2dbea6f2d885ef32e7b50fdd4c1283c4dc7db80d2f223ddffa630d3cdbeb469660ae97dbe9e00d0b51dbca213bc40d6e22e32e4fdf2d3bed96f00f85001c82ae3735cc0413709ab7170e014559288e75cbe5df6e58b79a1f1b32aee7dab0cb257d599bf290f7310382fd9a6c2ec33e860a59c0640877bdc7cf33d63a6823fef791ee4fcfe81a39d8fb57d9413f22ef6e2589e28edc0fc2bcc8b9a923993619a659b402d64f6347073f57c537ba3076ce13f7b46e2daa59dfaf26aafa04e16ec0fe5cfdebadb993e91f440a7d252d7cf5438a177548d3233a319de5afcae37a9f7b92d1cba59b95800b92a82edc78e2ff1b4f1b6cc3e670df4cb04d6061af9490c805615187245c288721a2d88ddc1eb9731ce1ffa2c5cff4ff85b226ffa759a889e5638e9f9b6f4334f923f5e73bb0dba2ad0ff9c8bcf1596f39150ba59bdf081158f51f50a27d170201701d69a566b9d8a3ff6ef32be6e67516c1159ff556378f4bd3128fa494f9e1ce137ffee26bbb823e07c1b37b34dd06b8b43629f17981b7dbbb61448bfd0d87bba33903f6f00e87e01c82ae3735cc0413709ab71b0ff145592e2f132c410debfd654fe264de1178fdbbdbf0613c1af6b7f699e2e34007b5e7b4198608be209cbaa59bdb31b14dc3f844ea3e2fcb579013afb03c6707a60096f67f37ba769a0dd85d05a0e3fa7ca795027bd8f2c1b07d16007cab58ef538bd45ee649b33359c14ede1bf59c362aa8218deb6ec035319e0a60d0a650537d74450cfcc9d27de9b06ba02af57e212e90a98dee35c8dd9e2885c0e873d98dfc0da4acfe9c79f8982764a462f4fdd782417c7cc995b272643c9c3f93a0bc831e9f1c1c976bacee378d1e270a8d3667046794805503bdc6326031d3eb91b905a045e76eee24ee63873f59f12c835b4d2e27f8871e93834f3610cec2ec9228c3d17f4feca4b2507913c547cbcf2a73d2621821893d4d8ae2b794674e20b6d907aa94d1024d70ecf65f9cc292c895fecaeb2a16c8997b67c59541556a90462e6e885866445a1ad253a154c99522c5c1d721a9abacbf3e49589bf3ce92b37ee767ed01899d6fc342eec2afe8679a6457b0db16f000000000000000000000000000000000000000000000000000000000000000000000000000000000000000000000000000000000000000000000000000000000000000000000000000000000000000000000000000000000000000000000000000000000000000000000000000000000000000000000000000000000000000000000000000000000000000000000000000000000000000000000000000000000000000000000000000000000000000000000000000000000000000000000000000000000000000000000000000000000000000000000000000000000000),
(34, 'Maritz Cruz Valdez', 1, 0x00f87501c82ae3735cc0413709ab71f0d0145592c9409b63b0eb6d5107284228da7ecc0606e42ef9214d6fe0a8785b14a9cc7d1b3c16536813dfb27c2043607815c1669eb2ea0b566706aea817ed4f1ae8b8f1a0f4f703ccf84966934ae139dc5af2b66dacb1001aaf089a132d6c67facfeb2113a961af1001ac3e4ca525d18949f8ce2567f715754b1e9707579ebf390ed159e3223e0b173a005fa0fa74a7a546d77dfedfc9d303337433cabc6198dbf196d8dd79802f1dad6e293ae9199a1077b020a8b80edacdca14d2c91d3c4ae0f98dbf7c08b1afe58ecb4451f76cfb4d5c85c7569481907e19f305fd5b8c3965911b8d2df719570d714f7b6d536d55ff0f73439cd9b6f2cc1a43085bd27fdd556a97a0856f45eb75f060158a555c0eb2385d87fd4e69eead088ef13290500c768970dd40ec22b74661dd9d4c075f8228cd8ab47f6eefe8e8b016a022533bd5870f197d8cf3faa9a56560335d238e622f5cec2c26b43c4f564f79d4a72ec71afd152a5d35547aaf6e666f00f84901c82ae3735cc0413709ab7170c314559286f83ceabf9b21764b693dc6a8c4f70890ba9a46ffd903055c8548aa93ebc6f49df55fd181ade25ccf5f018809df083c3c3fdbf193a2193f359b2c76c1477935a0660a1047840ba069228e6c6fc1ec902b12ae9aae89fbc6485cb4186eb5b2f6c0d8aa53ad00282d0f2c4934d68465d5da458769fe049d7da528b935816a0c83067b01ed950cffd492b62057cb94bcf2549f4f56f4e8f883ee19879b62db05e91fbc2a92a50447ab9c08edfd96e30d527beaeab396c695fb68fdbf38e420fe7fda1f5df55fb91dfdfcc6f022d2d97a6c3019f85b5765a84b5c74c899819667e92cfc58ba8f985078c54b1307ed974f010c0202aa7a24dd8c507a6c10e36a06aa749a3faef06934abacff148c62b896d242e47b576455c4b3329e104ee3c8932b9dbe36639a017c0e837fd4a0e19f5071d95cbc670388434bb86f00f85901c82ae3735cc0413709ab71f0d21455924ab89cc7d78d272f4fb1ee953dc0769d9ebb16968c811bbc4a321146f5cf55dded670438643755ea051ff508676216a5acd34cf7abceeaf175a58536d69fc7797fe28e33c943fe6853df1752f88ddfccedc5f27c9533d683b7b790a8206e4278f76987c9e456c5d1784a2c9913ee86f3907ffb289ab4b58e36fc1a6c73d2b91b217d303ff0b2dcc3fa0c7b6582e176602f14951a77096ee53623b379da78e5684f01557cd73e364f06872f21188ae9ce37e8c78f2eb31cb2a21bae2236307ae654ff0a82aff51b7a04dc6aef3b55c7a0fc914a98c76ea3e4c9d565798929be67bbc027200feb396e1182fd2fc87dbf4b44aa926846893c90efe7245d6a7ca51b54ca0a779205993f42e950099ecd28bca9927a7b69c5068b7812b12fbd2e587a4984f1ad0c9ba99a42fdbe22321d5471defd7e346dc0c55d649438a3fbe5278bbde4ea46d3cd62b3c96f00e8e800c82ae3735cc0413709ab71b01714559291f649118e35239de2db13cbfd7c0e957ba17c7103c6666db45f2eabbdaf4398308e43b91aff6bd9ae5e94e0facde34c8e47e3392611bb25614f66309a900d85cbd8dc4fd6694055b3db7c5a22836841862766aad377aca6954aa96dbcb70933ebda22fbd259241ce9619b2206179a4336c3bc5426052918d1b302db7820a8396d4493fa226cd14e830fdd045ee427791c0237ab470c4ee67d76b4b507103cc5ed92620832c37bafc7d462849047f3cb2a09f794880b49a92063693edc35e5cbe43386066e3d4204160ac4c4b405b026e2fc5b9a8f24c6e56f000000000000000000000000000000000000000000000000000000000000000000000000000000000000000000000000000000000000000000000000000000000000000000000000000000000000000000000000000000000000000000000000000000000000000000000000000000000000000000000000000000000000000000000000000000000000000000000000000000000000000000000000000000000000000000000000000000000000000000000000000000000000000000000000000000000000000000000000000000000000000000000000000000000000000000000000000000000000000000000000000000000000000000000000000000000000000000000000000000000000000000000000000000000000000000000000000000000000000000000000000000000000000000000000000000000000000000000000000000000000000000),
(35, 'Beatriz Cervantes Antonio', 1, 0x00f87e01c82ae3735cc0413709ab71b08f145592f88009ad727b3a6d7e169734e7db512f2717b5b5efb819dfe6355d6b95c55f5a262a2eebe1fb736c8350aa2842b6cbf5852ff3a1e121301d51837f883f443129e3a407517e81a6ff2d0787eb4a4fefdf56176c0b2fba21d8490d32cad0ac846a8cda4f4728b293079499cbdf6dbe40a4f2d6a4064162286bd302921249176024cf08c72d27dca14a31be611e114f10e9009572da905f7db0be66afae76822f31bfa26a097667e27aefa4bdb1290668dfe8867bda3f990a2a2b567ebc8de4ea0fa47292e0224c03eae94ba4832f17438b414d98e5e8157727533022e8e39836bf2bae3ddbf41249732956a019b3b3bd4dd023a1549b7e605a082103163d0cc6683e679befda9cacbf5cf6c9abf864b6572036aa6d2e7d8532ba3ed9d5598c580a1e545e71f35a18e0fe5b6560ff730413f476a1d2fe0bbe7bb85415e3b955b10576441ab6d924530df6ba97bc73c09645b6b5d7e0beebd94a370bad9dddf92c7503b3b0859f94471fe7a5bf9845ab6f00f87f01c82ae3735cc0413709ab7130ac14559239871a5efc9c9e1aa25417aa01be4396f5d3c33ed789e3682b9a2ebb6e0426a34a423ed330ad3af18347cddb75e518a87c23adee2adfd98556631560ff5fdf2b825f3d70eadc032ad97f39738a5840491c39a31224190197124b54bee0dcfa6679e90dac9b9528b3c92959130b7231eea56a3b67419c7b18ed253f61a825c4ce9b5a93a4d3734635b00afbc6ec3bfc69cd81f4330d7d55f2aa75c9c1142574f42fff444885578feb76ae33262fe4b3c7dffd69e2cf1a837a99719f5e2d519d8bf088a7a670b38c10a5d9712f1231ac850fb6cef931e26c9b31e4e7b0ec20f0b7123bf7c0c9a4ed62d64a96f6cb33a8bc9662f4795ecb183574fc5a14f86066d53dda66b8b0c611d9d7c434c636da4a2c147d7612dc49e1b54950af792345fd26361912b33d13c60be8c9f278d189f1628919367fe370feeb1e31ebd9005d880accf4a9b834b834f82d6f5900d716190c5324dace3c2609d35d5d614ff69ed4fb8fea84658f46f7c8ca28bb2d1d28956f00f87e01c82ae3735cc0413709ab7170f4145592bf3d419e93f62202c9aa6a84d4465c2c3843bc6dd5478a0192cd51fc44b506181cb1aff4f3c00c523821d920e942ae9ee285669f0ca6f66cd24c5445b74e5fd2a8c023799852f29b68eb16b1cc9819ad2799f7e1000174f61d5fa87002fb3876159f470cf07097e7b75b6c4bc7722d9a30ac973ebd64b49d44136ee0aed86c9a787223a3c28139c37b7fd5b710cccd6b61e73f3db4a05a1de8d99d8d79c7faaec1481c1b8e2cbf9f3416a7a4109d90a43f7838a118825baf458fb45a68cc0f758244033c9664b73f1d69db49c8f8c7e843e00070e2843476d8b2b2bd991f5fbaa436a746b78aa16b3a1dd117d7fbac5f2c4cd2a9e0c130e7f79ff83d9a58a6edcab2d004647a60a48618eb93aa4fae75b04c0f4535c345aafc4a60aa07757403b499a3323a568bff501a8ca6b188636cb9c622862a0060162fb0af7dd7db0d1e0708f67646328a9d5a2ef106a705c20d145111544c1cefa14d4a152b4b858d5284891e2d81348272b3aa5d8fcd596f00e87e01c82ae3735cc0413709ab71b08f145592f88009ad727b3a6d7e169734e7db512f2717b5b5efb819dfe6355d6b95c55f5a262a2eebe1fb736c8350aa2842b6cbf5852ff3a1e121301d51837f883f443129e3a407517e81a6ff2d0787eb4a4fefdf56176c0b2fba21d8490d32cad0ac846a8cda4f4728b293079499cbdf6dbe40a4f2d6a4064162286bd302921249176024cf08c72d27dca14a31be611e114f10e9009572da905f7db0be66afae76822f31bfa26a097667e27aefa4bdb1290668dfe8867bda3f990a2a2b567ebc8de4ea0fa47292e0224c03eae94ba4832f17438b414d98e5e8157727533022e8e39836bf2bae3ddbf41249732956a019b3b3bd4dd023a1549b7e605a082103163d0cc6683e679befda9cacbf5cf6c9abf864b6572036aa6d2e7d8532ba3ed9d5598c580a1e545e71f35a18e0fe5b6560ff730413f476a1d2fe0bbe7bb85415e3b955b10576441ab6d924530df6ba97bc73c09645b6b5d7e0beebd94a370bad9dddf92c7503b3b0859f94471fe7a5bf9845ab6f0000000000000000000000000000000000000000000000000000000000000000000000000000000000000000000000000000000000000000000000000000000000000000000000000000000000000000000000),
(36, 'Carlos Martinez Urbina', 1, 0x00f87e01c82ae3735cc0413709ab7130d91455922521d857b70fd09e323c6a6531e6bf627ae6f1dcf65f2bc4acbfa70dcf0525008269a8904c7d3854ffa835c6bb7b809b50cc874b9c9984b171de260cf2a850b57fbad99c19b6c7c340aa8c88c9baf27c3c935601af8c6672cc1f0e37ca859f0d8d398cf56bfea8c19d0c2858285d13e2f1771a70b9427b6103608cc5a4b1f88366835d868579bfacfca4dbec6c438aad713354edcdf88e29324fc9fb086936707329a83666d2fb0456ef7e133b428af1d71c5ca1a1ebfc65afe3c704055c3b56ab529d6ba0c2e09fd3c5ac696d09ac5e74f6394a76f893e24e72be75da7220bf5048d86817131e6666124140ccbc6e991affe6ae3b410ea47b64d569985b75f883172864fee0d80ea6c18a36ba73df7cc0fbec66bd3fa14d1ff71519529c14ec698f4606e567ae8b075a52159851eb462303519eb835b05406a02423f1b3aac5dad0a208bfd0f75ec93f4916b6480061dbec40a4970a89cfe6040ad3145343c8daa10cba92699d3fee9fb9e248776f00f88001c82ae3735cc0413709ab71f0f9145592d43dd39042b0dbfb69a5d8a7becf714e9e6be7aebb6bc3e20346319a81988bc9534593f0894abf7e5ce7b2f8dc4231649b1b07c96aa0ead508c1e4913d596919193e014efbd3ff8ef3a99d36f4cc28d01745aba6f12d0f79594b667678d0e6d6d973e75ad33a14b60f50772784cd1b3213b331261d9d818f2f6c51e927bf143d18ac651dc33154185dd04f5060233f552757080ccbccf4f57a8c678bb78a52f71a43fb186e1c2b36fade13197370c1f54193331377e6d549eed44332b3bce579294464c6a4fd476d67bdd2295cffce6f7a4a1313b2b17f89c87e11e1139e4c7f65b3a43bd61805b531bca2c748e597c0221a0b9508eaae6da8cc69c67a4b3c542d1963f776a5df12489142adc95e6e36eb97007eb4cadd8fcf1e00b039178ae1402f3c193b81c8106cbb7ae2168a91497988c5b13d29c86c9b1e348618fe4765b98bfd9d970246f4aae99360b7fe7f82644b09c5d9065a0170dda739fac24b03d2b2a745a2a8bfb1aab6b9ecd50125c36f00f82801c82ae3735cc0413709ab71f0dc14559226e965a14abdee770c9fbba3951bc825637f50130281bbdcdbbe27ad3c6881e1e8fcaaf0a09a88af2b3494d7e8865df2e838d788b02597ad6c1566b78096c1307daa344fb2905dec238dc635dfd7b3027e5cd15366923fcd431249bb15fd4059462667fd67372d81aa454abbd817b94e956441b51c1a8a22ec6d7ff9dd5589fbd995e502015f7fe520ad783ac1b16fc196cdbd2bab71d4552251bf8a7c2bfbf76f2cadde669ecaef6f70189e596e1aa1ff001882f39a190c79b56fbf38dcc5c99d5ed221b3bff361264c3c49fee083b2dd481cfb8cbd59c33be87c1803866fe8e44f3cba443e481677948b1d784aba0364c3bc5f1e9bbd9338ab6d0af7fe85ef01ae38cff44d651242489b9b054dd005e06a54ebea60e45f6f00e81601c82ae3735cc0413709ab7170cc145592a759afd3500c8d89784cfc3b76af8c3932829dd342a5a4b7c14be3e604ed925b80404bbb4f1a6e344d51659b98d22161016507d9d6d5ca07eb71d9a15ea385aa76ae1d3288e6df98cabe789e8220d1618a2cbe0c4bb284e116b715a54a6a9ab816278d1272fba7f5cbbb5d470639984bd73cd573dc5cf61bfb85d45447f7120f6396ef8d5a93dc717e573a0c8da2f600cb5141880a46f52d4cfdf63b1571d947369f6452c8e06a514dbe45459f376254806518ae429c0579292d2638f974e71c45955ade1fff931dc426d20eec53bd05f6bb7303ce2e970feb9e6c2d3d5e5b138b97beb8e6f195b8058dbee1263ac754997cfcef7cbc95cb7eaa8422e1e2424a732fbf23f4876f0000000000000000000000000000000000000000000000000000000000000000000000000000000000000000000000000000000000000000000000000000000000000000000000000000000000000000000000000000000000000000000000000000000000000000000000000000000000000000000000000000000000000000000000000000000000000000000000000000000000000000000000000000000000000000000000000000000000000000000000000000000000000000000000000000000000000000000000000000000000000000000000000000000000000000000000000000000000000000000000000000000000000000000000000000000000000000000000000000000000000000),
(37, 'Alan Sanchez Manrique', 1, 0x00f84a01c82ae3735cc0413709ab71f0f314559238e2109135ee65f6d21b515dcb84f3c59fd2b6ea12e0b993bf69c9b21a8f74d340a425f1117bf4abb7c0c37712e2425add31b5b4a08c22242180049a2da58e1134213f42fb33ecdb1ce2170654b2b2b01bc558ac4eb30cecbbf3990be624754a991cb2e47183a24b2f312202ee76ef011089682dbeb6cf3f2a83281a5c3df8c6078aedbd3288c1d4fd625e98ec3d9e18a7e68b1348272a3313ee2007fac9b9837cc8f0addd10f7f4a9f494b047212468d176563c40be40f1925f06a104f7fcb845e3b807d403511f42f50b6cc97bd61c9841cef1f855d9995e9281c754de7fe352067f7804150bb59fd59d06910b191972fd5a282630b6bba2a2a90d5fd5f78ad6159da40aca4166928db5383832fcc54d3fed9685abeb40a784dd0851a920b5f34a8afef5fb01bffaff06229209838bad0d6b0f69735038b8d46f00f84f01c82ae3735cc0413709ab71b0ef1455925be32504e4bf72af3b7810cc24bbb0a1d2408367201c762527d16399a73822d040c70dc776502c3d2f44d97e6d4dd264977b3109850694dcf4d85a4b6085f0732bea6209c6c67947843cac5e77555ab181ebdceaaddfe039feecec40ab09e002acbd9fcb13e81c5e58b162aecc5324b59053e734661f110437f4963ad30637d441bfb7411d9aa6a22292efacd2be8bebe453a582ee7228f35838ecca2e1ed4e3833d7d7c1fc1390e6d7c51b2663253cacfcb136c3b5a62a000e3789e8e2b595a69618e260a0bf2a5d61e98b6d33aa4cfb8cba6049845a05889de1c283bf9c40fc3f5cbe19db9b80486ca57eea662d23423a345eca159614ed488c296307bea992d668eb8894ddaf3642230a8489642867c8c95428b7623aa8842c70cb1ad501f8aa5e0db9e9d3ef0d34628a29869c1f2102dc4982c7b070fabc5bf4eb529026f00f84a01c82ae3735cc0413709ab7170fa1455921a815d7efaa689f7cdcdf1327e53012a70c252a73ba947bfa9de9f7f3f2974a5a8c844720dad9b36bcaccca6f756f253ade6686f16d5d2492888aaa1ada74f8fa30c86184bdac5ccd50714522e9b75d68e12f2073d34ab358f9586c0b31f8b6b40592c5b64c153b507d07198a38ec3a0493d52ce2bf3ddf083c74b780f622292b41433757bd00b46e9aa3e391fc2d8037261cc14afc52e04f24c38226b1a18a89228747f7aa8af7be2b4b327bdad7698a6e8563721a9e8530f74384ac7724829849690b390fb46673748dc8a791f973c7a9fb6a4d0344c88706f87d0ccecc493eb8b037071500b9cad64e9bbe51df57709456f272102b4f2886c929a1c3490c64d07e96f71b0d2e3a7af5d819eff256bae974f1483eb71d071f7bc67221aa8cbc2cee98ace44086e0213bb88aa956e5e65fd1e1613f91160215e6f00e84901c82ae3735cc0413709ab7130e21455924f9349f0be87c270bedd00bc55f395c90dbc89634f9ad89d27dff3e5f034c752102eaada45626e14be118f6566fb4efc4b5c6702fded541d7c0b032b3251013d4546ab5e1230ce4362f53572b7d994bb9fe5ff1341c7109b7dbb07fd16a4f6afb0157b8cfdd7d77ba2486d465e74029749cc3d3f623f7def63900fab90ce22b8823ce43c444ba93cbe6a33b91d67b4a5b9950b950e71e61988d5846dfb1fc11c6aff6b8e07f7606b32f6cb4cd342bebc21b3d3215e51e953582648fb7586b46a24b714ac4a8cbd4f45cf9277dbdc11a1e8a3177835ba460c2b67f60b3ff59ff783a96f8bc6ac091f15b3868be48d0ad5339fb64606c955784ef89f14a1f6d1f122db2e725f9b065b98a94ef76f4baec656ea6bb1ecb76a47fec9568eb42570159e6489c86cb2ebc554fca5338ea309803924de7826caf4ddb56f000000000000000000000000000000000000000000000000000000000000000000000000000000000000000000000000000000000000000000000000000000000000000000000000000000000000000000000000000000000000000000000000000000000000000000000000000000000000000000000000000000000000000000000000000000000000000000000000000000000000000000000000000000000000000000000000000000000000000000000000000000000000000000000000000000000000000000000000000000000000000000000000000000000000000000000000000000000000000000000000000000000000000000000000000000000000000000000000000000000000000000000000000000000000000000000000),
(38, 'Fernando Urbina Pilledo', 1, 0x00f88001c82ae3735cc0413709ab71708c1455929df2c88425f66c02618b30185ddece5b012fda0ce42151da5df8c7ba557bc64da1a6a3650e41de42157d07f47aed6b49fbaaafd7db9f464c4fa41e5d6c5389efee4c7e00086f94226e09b7df5179af513e514913abc188ec244fb4b9ab366659f37110c31ea2af38593cbe50f2943a5d7732a3127b55104253b5e77a11196f00653b1cea214a834cde0a85e843bfd1c002f74afa1690d3df79b5a5e775bf5f0ede8bafe7f65c31c047cbdbf59848559138b227bb067d002c888616485a04d767b5c519a8f80bd8c8d9a947cf709f3b327dbe998066e69b3e80ec43d789cb4acfefcd7454cb9c6626ec0d6ffd062917f6838aeb664aa280ea9d6d0973e0dbc4af504b69562ec48c5ea529f0166f363c0b4f22638127623bd49260f0a94266d4b2d2aca515c820321535a0aaf66ee2d4fbca4480a94c14766e1064b01cb40b9079382855a5b30c2da89bb722c04155e3d6e5bfc089950337661ecb96e0d29bece5655f99fb213975f8e9c7022df9114aca6f00f87f01c82ae3735cc0413709ab7130a91455920d9de3017e093f48223c0008d7952e75ee5185ab7f9704bc60e68ee2dfab6a39fb0c07a30a86ebaefd7564b3133364832252609f9d4d5180da5e005e059d43907b7bea94b94ebb7fd760e104c8d84d7b1fa96d4bbb4ddee07c16e117e756dab7778f56ecb9ae17397a8a91b4637c87cbc31e4540ebcf0081bd2fd2b0407b18143737095fc013c396ef1ba244a83e7fdda91badf8e07d7a787f4aeb439a397e52b1080911aaaef61564ae50b5bb9d0038e9161fe3cf2f872fe44bcac1db34e3bd34811f64c55b79594b02168fa1d992372cd51a98ab529e488e39923f8ba3c51f972eb814887260cd17cfecfc6310318453bb38b1fe5557e0c43e1f9da123230ff358a2cad113fa416d5d703d484e09d4eb694342a973d4f45c1a1f2bdc5ef5ddb3133a4a7ca310a383db30527bcaa18ccca15ce8929ae4dacb6c36772d3831d30373f6f510bb67cac4c48536525704996a42702930794f7b918042a1c97a89c4160b2b476d62b63ea7a38afeac3c0b6f00f87e01c82ae3735cc0413709ab7130f214559230b8cbe665ff32052423fa4ac2ca539c676df0e300d006739285721e225cbbdd6879c28c46e78fcd14ad8b2406b7fb4815dc7a90eb064b00c6318ec764e82fa6d6b09159d3216e7ca148f6b31f961d73e493c9aa909b69cb2437fc3079dfbc535d94de9f3d1d0f61feeef253101c9ede1192d7c879cf88f6c196c42ab398196f9b8bd13df6844a00362049467ea3bf5fbc12c3bd20fd6e512d736f86febb3f85a1383e1b86c5741c20ab3a173e65c49ac9dcb085b3af82fb6acaae566d0c2e21f7dfb413a69ba044efc7e068ba68cc9958818ac0d3cce552fb20dc70b064731ebf66eca5f89cd0eac9c26502d1ab00f9cbb511894fdfad5384f1640cdd1fd56e1de306de8b941de918ddd8305744abe7672a4b8037da2866d251f6fbd53677a7086acdabec8d1b84290172d8597d810eb0bd6e159b181ade89c9962320cbdd5e1435279717a1c9f7acc1a0de9557bc230cdb2488979eb6b676130e7897644782e5ad3efca876bbee90e4f7aa7d136f00e88101c82ae3735cc0413709ab71f0af1455928e0d24d152f071a042af0067bab6eacddcca5bc4b7a4b7d822e66cf4fdfe401b46340c28e74c883556cbf5c5537792f90d1dd5a424f0000e3bb6c3edb985cfc184b63c98c04272902961a327220762adbf4123b66c14de50b383a722c2d9ab6d90411336e4fe0ccc54290b2f154a21df5efd0aaa327acc37ae05f1badcd07489a543a09128d3b7ce6906aa2619ecd3ed2a6a2ab147a357170629b073a3897ce3643e288aee6a8c1c6a0f7a85d4d380cd9dbbe2e6aea7f81561c5fcad601dbda9b5d30f1a29e626a488170e0063c1823d051ca40f9beb9cd601c860da617092ab45fcfa541051df6ecef1a29a94012c68d4e965efd47627b6b49dbcd136b48e9e403663d999f4870042198bcb242ecbfc0f3a5d44c30e73f1963a97e563a7d0a6963663ab8d8c28a7a628ca6dcb5e9f9f11ca832bd2985752732bec1866755068168957869e0056b856312b0ea11ec807fbf37fbe2dfc65060504fe62d04d3f269e861cf675216a6f73c355f69eccc41e3c6f000000000000000000000000000000000000000000000000000000000000000000000000000000000000000000000000000000000000000000000000000000000000000000000000000000000000);
INSERT INTO `trabajadores` (`id_trabajador`, `nombre`, `categoria`, `huella`) VALUES
(39, 'Maurcio Cortes Lpez', 1, 0x00f87e01c82ae3735cc0413709ab7130b91455927a8f45ac4bfc32f757db7c5df62fd815f67ab3d903009ee465114ec51d893b70b99e456c9677821f328ec7ef7e62e11d65b466b4891d5ae6b444d5d73ebca5a8b866ddb8e123f85b0187b16355ef88484a8c8be8b5e62055da1aae3e9fac7a381e53496e7309426291e04794a49e507f99f66ba87afc45ad7a658d73a568a51a654e342fee13b1bf1a11984483785f0cb9a8cb8f0c2ea30966b8351ff4a482c52940c7e14564e592a703544eb7d91abd571571fb1df29e48042e1af37936cb265bfdfee37ae02f9e0830d7b4d6ca067472609a914147e95d938216472f6b1171642d4548d27e1776021973eaf58d0a124c133006debb13f2813c2a41b417ced0c4058c7221af363b14451cd1c4890bc14d644de569ac92324d80a73334d75cdbd69bc0d90d6c4f73d7a87d9da85f12d22f120022c15eb42bd1f4e68d23a5c9c4c1d7a2c2c99dbf95c52ed7ef9b245c0db422752668a3897b7494680f55e18b785ae95010181f548887b5a0ea3a4a6f00f88101c82ae3735cc0413709ab7170aa145592e5daf3ea77811bd004aafdb4c77aac3d73b3611a55278c066bd96e9e6aeedf45b74991bdb82ae1fc30b32d08b76acb8305433abc8daf9004dc761f3e5d4da5f5fd72189636ca64a127589c436f6d400b652ea54f10fc47ae23c2225f426706e69d453ee39f94f098e198b5ef4ab84c423604a8f069b70e30aa1aa7bb440fa03945259316875f0d1bbd831b4a6044fc85e052f9115a5f46a12f34259971cedae16e00c8c536dfa673a10a621fd7195f1f3c1d16e1e6ad1da482110a88a7b0a0df197be9367cf2a43444b11b080f15c302ce3b8f5aa926590c7ccd0be893d94704637009fb1ea28ec937c06a30eebde35b518823770841de4f2e12d5c517be560ed3be6ed04a2da42eee1d7f94587548758d2f477093ba1645c85e9fc10d15e33c41f5be1624f66f30fbddcc60cb2a7a2c36297add6d054c6a4b72dacbc2c247fae5a3aaa77a25748c334531604fb4b1e81583ee134f18edc76b9f09c41a81ed7b381d21b8bde3b94d4e19d881a29c28a12c6f00f87f01c82ae3735cc0413709ab71308a145592420b3fd2d7982f8aeb3604f87aaa51b8d372704c48e5291729cbfd7839c1b621a4a8299d1d0c8655aef9cffd99ed6c04bc203b94d48842cfb6c899bfe51774cf562359d89b88a9c0472184af8253cc6b13686a37a8bfe0ff3d9291f7e689ec7b6e95555765934c17b223bc94ae9884acb331115a508f0b1b14af18749c93c3ddd7e954ca37e6337a977ae745c69b07c232e1c3535613c73582925a8b4addeb6f4b66dae26cc3d68fa77ebfef33ab2c35e2b056819d97d0ca734940341c3e881a7d44365ebe632f823d735af978f47d9d365a8fddf368b9b2191a3778031b46c73e079d20e2a244e3fae3667fb83d75a6a389ec8c6485ed4acb37b083ef5e00c0950a16226a523962d985a89e2d230e4f8456ab2e565727b9124dcd7527e5d9c5ebde3ed2472e1accef9f7232e1e66e6c0a6c0b936ee1473864fbfc036dd5250e3c1e853a736e1e4c73fae28b31eca04d0b212508261651b9d8c72a06a4b38a4a7c851f43ecb9ad9f37a9e3fb3c6ebd6f00e88001c82ae3735cc0413709ab7170a6145592c1e9389ca05c036bd0c7ef352a7c27bcfee378ae31c8acb7102893f7c575b43b7eb091634eade088537d635e4720ca167a4f6cffecfe9f82f60acb565084b0c7c0fcdca0099fc2466cda19a374875b7fd803d9559ca7fdd4676d8bedf6376b98dd9fd16df2aa7860a7e798fe24421d4a33b2ebd29167af318aed32294d112bbe8fc04f9cd39488152753f76c0dcdf9300431b1b202d219576df1e43a14b1a05223529eda42a306e75bfda939dba58feacbe5aefe3fc043b2737973517aa49bbab89deded677fc262ea3653fbd6ab486bb5a90c5d92da4656f1cb321930125369a03e769a145e88d810662cd0cb156687e2b2896069fee655d920604ed98766864cdbf7bf276bee2cbaa785a5aff651a9a44037bb63167b799517a73d83f9bc95729d9c9ed67d1e454e322b263cd2cb5e697a6d4c6b26b49012696124021701c0cc69b6507b800f61f537fecacecc5be59a26b6a30ca567c39dd6d15862682dc12d2b89e9ea2638ceafe0360bdf24de126f000000000000000000000000000000000000000000000000000000000000000000000000000000000000000000000000000000000000000000000000000000000000000000000000000000000000),
(40, 'Enrique Mendez Hernandez', 1, 0x00f87e01c82ae3735cc0413709ab713084145592c92fda0f7d2fc0cc218d776c2a606773aab49d5f9dab830d71c6af21ad427e91da18b0ff800b8ea6010f37d0ec531c2e8d9cec4b3be6c1794a290999fcfd398cb111b241be90906756bf9043391db71f0bf105169813c5d536e6262501ba096e2818d38ecfd998c74ae00c7b83cbeb840f2135d11b80e20005b7b6823de5706e058589c91ddf98d717c2e52fef25676709cf6b1b58aaf9b766ffdd4c7e64d9e29078ad9f8775c87a8de37eace12f11b50d7bf165e117e9dcdf052c87480e153c5d8b16f2a0761b54c80c0ff2e786e9e407a6fc76e46c678e76a1c69028473ab28345d57ece0b34711fe4c5c68cb12ec124d6e278d80f310235106d36e19aa4e7d3ed6e1c5192d195235d135295d518df818f2c40bf477e4fc96da488e5ba15c9ecbac9bde2013f900a14d7f3d799741d61171ff8bf513061f9101377a66c68c2b16e7084168e8fc62182c5e803ced95f6093b5544b948a00c82884ed9d516c44e36b149503ccafb3ff65ceff3f076f00f88001c82ae3735cc0413709ab71308a145592420b2ec9ce67206bf7e512e591f7619d850575f15fed0b475191023ff319099922a65088e82be6209a7e3941ae9e86024326a668439010200bc5ea7406deb3c7b972075028c44414ee78d5950e813ad64551088a77a28e58faef3a661d2d776daf1c8810e355a6f61a69c5482787ea21db5f5ab3238920538a8b46ec794faeda770339e28a3421dbf3396447fa626eeda8a2160adad2dc446b5bc45c5689f0f4af6baaf2ba9123608d7f478ddfd537970300a5a935aedbaaaf8733ab7868636b22bd9a57ed2928a68a20f31c432ed0680abfc195281330d92b32a2aceb1dadd3a544a7dce95befa5dafb72ef0ab02a6c8027f051ecb01996e352fdd95d0e5667e3e3ea44e937faf828ad693d0fd29da4d98166466b3f4e1e1405524fd9b692a48cfac21a01b7bceaf5f7b33d20fb6b211a225aa022989a613a23bb43fca410ba45a9cfb53957324a7dbdb58912c9bb97832d8712a34c389d9a3f019868b1aefd0ede891c0efe0e108f187f6d88aebcb16f00f88101c82ae3735cc0413709ab7170f31455921e7e3453c7154f3174d963f3f9c9e13c180bfee4f04bf5ac2130f4899b58055e0262b3f2d42c8cb0c0394a94405517dbfe6022ca103a2fc87e65553e8119265be365b86e6b94f5fae3ff4112b31bb0930bf009ab73af64afba9592e9c07e4d68f5c9401d00192b00c81b2f983f23a9388d9712f2f808a44f61172e1842a6de2debca5f5fe5da58063a5e20ea3a4c161681c44cbcd4afc8f19d4fbe86704991e716d22d55e91ae9e6efd1807624a0741e38e37adec48dc378e348128a6490300fd703652f32e64a44e70ca1ad7abe3ae5b3665ffe07d4ebf46d0d7d8d1a763062fc802b020745e0d69c3ec88261d5ae76594f5ce49215fc200cdab1b7ec770fbc5d1ed6fe3c6618624dd792b336db83361503d2050e1dbfbaef0bd9cd01e1ec9f2bda28afe53f18a7eeff48a9d57e95c6151fae5d296bb4f71c4bd1fe49bcbe43b6e4b41a399e04b5b06e8ab6b597fa9b50657dc398795dd6cb50532d1d7dc20d267ca155834ed0d73826bfe42c17c221dc6f00e87f01c82ae3735cc0413709ab7170f51455927ca83b758a12fe8da7d7944db9e009125f7899991e63e81d7c32c252cf922ef90434b7bb2a07266af187b7854976a2e0cb8dbdbc9076cbc6667092c498167dff1fe0a363c6d3df23e61ed109a63fddc1e4448df81999f47a980a1f79745fe615f9f812b2c7cdbaf470f50dc262c1a89fb4b43a87a0f2f4ad394897acd42ebe00c5c788a2dfe7145e046e48751cb3c6fb5c30c308414879273822ca2827ac23f96cb499eb69045ef10087120233f91c5b43125bca152e237cfcacdb4dc2fbfb2c38b32ebfd84ab4e68edc4b41a7045e0b0eae27fedfeb593595dc4d3f69b44682c6028e5a34c0f01fce3556a1cdd988c48a3b377fdad51c5a514b26f71e854c125fd66bfa9776f4e6fdaccc3d3922f606b2c71a6b97117e6263af34584e6e23c7faebf80459cc1be3d70bd9cba51c8e839e8f085b56129df11be2b703462faee2fde099b0bdb0d8ba654b044364ee5c9f515955127e29802297be8e9e73a78fbd330c0415b9169694c08d7fc652f71c6f000000000000000000000000000000000000000000000000000000000000000000000000000000000000000000000000000000000000000000000000000000000000000000000000000000000000),
(41, 'Sergio Barranco Velazquez', 1, 0x00f83d01c82ae3735cc0413709ab71f0db1455925b0d6ed97318bea7e8b8244a0ad515ac12ad7109a3f18ccd129a9c3d123900982304e17a66d66066b7949021ff670a4c41b717ae815c9896eb86decffe7bb8fd04e274157cb02d45791ba434b6577509ce8f3834e2bfcbef18ceacbd7ba76464539223c1ea58891fd65f95ba65a7c76fb6aedcbe070fdd07dc3c9a604ec98d238a1550fb23dd482a08874ef73bb74b7e86e3c105dd7efad055551e03884d3a5ed7d7d4ac1f4f438ff3ed9b1b836d590686b5b981096e03c0bbb8ddcdc2ad0c448816f91be26fdb314297de1477ea9cc466e73cd26a9b4081c4909adb3a9730be8442ee6dda5bcb6457863316b90d3bc2d007898b870cbd240f7fa085de84bc72e9d31e51d07b8d9fe28c0f506ab4990a1a33394cbf96086ebd900e12135da5de305ccab58bb4edb4a06a384cd06f00f81e01c82ae3735cc0413709ab7130d8145592be81e68f0eee0c3dbdaa1a5dcadce80741e268f081f2a7eaf6058ccb1fbb185fbf82530a5c95b23976a2f73173326e564a1e17243aad560d5a05cce18c6c1eb53e5b61fb410be2848758e1abce513d7dd77e2c959c6b12f4c5c911599434a1e1bcfb61294f13a620441a5922135fea6078093e47f8abec8fc271e232e84689f70ad1c397e316aab4587a466ea4e2e01fad6d962cb7f9171736c069e3c521b4e7123906d28e459de79bf6920ce336a47da9a8c3478c189ed46567390ff6e10f2c8aeb8a442e50043b79fca54cc1b2bcf3c945389023953023333533d55967b99e3b5132d93ef971b04ac8cde9e85e92b7ebbc83b8ceb4d65eef05e3fb7fba92e7d328da54ceaabe52657cfec6b9e76f00f83101c82ae3735cc0413709ab7170d8145592a38ff49cc186229bd3353be934f9b733918d63e753fd32168358b657842d81bd9a6619b52f94eabdcdf4abd1b08cf4086c570c0b32fdba4051b83dd3c8607c81a5974859919241dfa6351d3848c7e44403b5b8ad395a6ba4642534ce226da9256a81a9ff75907e8d7d5f46ed673f31824585120af442141a3e5c480905806da11a2aa3767767e5614601d64a5fe6d062f667c55f4ae8456be0fa9b2ecc625dfb865d13e5a026f6b0f0c4562fc5e803173ca6ce73307c7bdb1b6653e1fdcaf48caa7890549139e78d20edaa355e9bc7cbbe701f9ca9eb0a35f14f25d2caf714617e1471af3a8b0294eac8de89d8b24d29bd6e2d02887f404dd45c90d9f104e5657f7589927004234835e602fd0a7b202397d0d75d69aa681f648f28915a7b919a7e6f00e82c01c82ae3735cc0413709ab71f0d1145592bedd04a2ff804365410959c912a95ddac6f5732bc652701cff29b12b3eb1244acb0e431f2cc8be5b49f86ca7729e06c2842a0443bf8def2872faed390603cc581c60c5181357ac19b8c3ad9f21d92e98e79b943e15e50bdfb441d8f461e64c4209d24aea4cd34db1bdd8e6e0c8031f571d201cf755e9ac8b43e6a3296d4b6a9e9bc46ab67b6dd60f8daa13ff416e6694ca2677bf78ca04a70075c212aa212923495ad5de31d17d40eead4df8553d7032a1f78f5c99c8caea3d2b2a2de54b0aa85f5f08a9dacde16a97a98fb44516a702906f4528f4f6bc8e2eabf63db64d5428bf950da337319e5e0ab46e606849762bbba3fa1eaf0254f94b328d6300b4726a1d37a5cb98ecef7046296dee71309984fd154a4a74e6326164a5a5f46f0000000000000000000000000000000000000000000000000000000000000000000000000000000000000000000000000000000000000000000000000000000000000000000000000000000000000000000000000000000000000000000000000000000000000000000000000000000000000000000000000000000000000000000000000000000000000000000000000000000000000000000000000000000000000000000000000000000000000000000000000000000000000000000000000000000000000000000000000000000000000000000000000000000000000000000000000000000000000000000000000000000000000000000000000000000000000000000000000000000000000000000000000000000000000000000000000000000000000000000000000000000000000000000000000000000000000000000000000000000000000000000000000000000000000000000000000000000000000000000000000000000000000000000000000000000000000000000000000000000000000000000000000000000000000000),
(42, 'Salvador Garca Herrera', 1, 0x00f85e01c82ae3735cc0413709ab7130e7145592c4265cf87743271688f2ea06975dbac5594c5ea07f4bc1f7000b19cf11acc9fe87bba5d08808ebb871a6c5b3d14c3a8f5494c2b1b9a4f2581638fc230b0b96a2e5d1097b75d3364c7e4e7a12ce0c20a08a979183237b8ea250db45a69fce8b9e6671d20afe67b6e74c77bc1f887d17d895fe19dd5b3249bba416c0d48594841cfd054b3e7281ba169de3abf0440201b2201c3b6df420eee3ad27ff616ab9fd40afe9ade44c25175dacb4034b7aa28eca4b5cbcb2f27534e230495c14518fa02b60b86b0efbf9b8327e6be56806849ed03d835a89f8dd0d965d0650a7dd857f1ac627abf094a0a37f9c7b921e0940845a84a2cdf1ff96fc7f69b46de85ee8c131ace352daf18aa1e5d5877fc76774fd4bc8b1eae062ca7a6eac29062a83a568edefd00935899a53d3b9b062506def90a84b1abdda3eb994fae758c300b8f7813c694a48a449f54ef1a0cce386c24a6f00f85b01c82ae3735cc0413709ab71f0ea1455920657ef9e05e8aeb9f5ff86df2e6d9e8b96667d7525f97850168f971f0dae96802219f7fd90f27f9119be0f81e1ce6cf473cf9d088dc25df7a663983b4e24985080336f98ade60783d0cbc05b1cfa85abbd148688aa6b514b0d4f568bffb8cc55b183deac620c2226e7b9283e2d931d466739095bae91012c956388047653524928be0c5cb7e8eb57f77fc3084a68b22c0551b6c7f5e330e2cdf528ebdaad2422f950db73446d8b6739fc537b29dba89e9b6a870d1a67bc975e8579b91dbe24a7382a207c1a3120c9e762898419d5a86ad3609cdae565d3feaed75bd47a12e6ab8fff33edf45d1fdcc4d6c89132f4a0ad7a9ee8308565881d9c95d730e04cbdfb023f6b5db8ccfdbc5ca0a3811effbf0e3cb1649dfa45d0e5b38086214e36b4266e2fbb9f6b8772ae35a02be37b6e607aaf01b30a23d8eef739e4090c5e3f40684f1a056432c531c23a7d4d6f00f84101c82ae3735cc0413709ab71f0d0145592c543bf945ffa184c16e47bd4ebbd4ad3b2989c23dde8d5cfa8a27480adb4c0cf3b3e722372a88dfb40b715693b16d575833045ebf7c2f2a320dc5c20a4540c86a26e0a25226f6ca5b5079275a6dd09a55f74c0e212366d221352e35a6cf886261ca1c09dc234efaba16b23dac06289d194deb8098001a98f1b0b0213b516bdbe4e5acfbb70a7bd728f95aa80b3bcf8add80a6151c1112ba9b48809e6d5f6d86bfff32929d3c3bbf05cfb271c7a58610ed38a856cb95e029d14ca3499f9a0672f978fc4a69781d01a8010a8317fa9cef423f3d43ecda5f564edbe354fe4833eb24ed487405ae34e9aa1abd3125d153010b52ad3095e4d1609837752073aab77af8f32534ddcc84e5eb2fcacb3dc36a925db04ab7766c53fc3a0b568fb388139df7965e770e5fe8244962ae1cbdaad34c1246f00e88101c82ae3735cc0413709ab71b0ef14559228edbde7f8a68acc76c591f6f53bdf8c368665fb45c08b3bad3e293f50c35a9a1f561410f0605ae3acd7ff2940d5c8d216767e424115d59eeeab9762b17ca3c7439d2ef09376a0b3a2024760770cd0a19115e70ddf106316be830f956c86a48c00e09daf6ff362f7b847ac1020ce111432eac734d4741cbc2243281a0bdcea1ecd1ab23fb300e18f7cd8acecdba5ebab0de6af8117ccd34995ae0ae96d5775adf56834eb5b467d85d1d2ac2877e1e99891794b70f2f171046b99d96c40cda341b1a43deca4d8a223b2b174369b4f46c7489eaf07c3670feb0f0d017b41b0c77aec0dd75fbb8b1585fab426f9b2eccdab424055e733f8320123c1a60f9564cddd0e000197424e0a0a624022cc87db6d97e1bc91881b64a9799afa0d6c40316aac26dfd6cc2cfb7d7651f77a8713e0c8a72fbb3f39959f7f65b9f0e373bc63c36cfb423fcf778bbd2b7f17fa1fab774806f7a2738009535a7a6194e0b3aa2cf32ffb0e287f9ab901b740489b3c5f305574c06f0000000000000000000000000000000000000000000000000000000000000000000000000000000000000000000000000000000000000000000000000000000000000000000000000000000000000000000000000000000000000000000000000000000000000000000000000000000000000000000000000000000000000000000000000000000000000000000000000000000000000000000000000000000000000000000000000000000000000000000000000000000000000000000000000000000000000000000000000000000000),
(43, 'Lourdes Lpez Garca', 1, 0x00f88001c82ae3735cc0413709ab71709f145592285d766689eb1dfa40d14665a72266ef2195194334a0dbf1949919b74934e0972f79118cb1080256944e773406db7003fbf449028ef4136e87bbb6545c08e05067db53a887708b14f5a3552d1d8552223ebdadcad442055933a43145bd621b429c9cf22920e1469a094aa87e7482952220b38cf216c2b874582d93b28353ed9a6fc390730fb65a61540f935981e8fe9d303f9ecadec834c6550eaec8c47a47653e9af90ae0ef1e3cb301877d7ab2902ca5c0e8436e75781b7f98f8aba6ee37cfab31d00ef55c112461a75f14fd70675902bb44f6fb0e6e32ba135cff95389bb1553fb2789e6839e2bdda6294ab588f7513acec9b9769803e644744229ff6aee3880bf012ad2b8f039f256b9ba653369d42e78bf5d370824334bb60617906b362dfc15ec4d020c55bc2ad4157540aa4e572433375cd4c788532dbc262c0cae2a62102b5cbe6ddaaf0dcbbca6883c8669015e82f809750a25b986d2ee5563e6f5033975e44b4551e0a0b230eb9d9abf07f6f00f82d01c82ae3735cc0413709ab71b0f41455921988bfac68edfa2568308de0bfce3981af6e80faa620aa395f492d7fb168d5570d09fd08b92d9249d1b3bea34f9e9178a6d9bba507e8f6ad5dee49dcba0b77196f7bc00a4455333a567612d041cbe2c138c57c2fc0d6b05630bb1666f8b567d10e16602a9a967f38439d143c2f075160ea4e87e999216609cff45983514b29da52bb5ad1f90c9de1ad707232ea83e0dd82358f6fa1df15cb314e1412df81f29b282028e48b1a6a988fdd93172dbbacbfdc833cdcd67d921d25fe4ce23d03e388520d58167459f626cf1ada32dffde000b88524e55c5b9b407d85442ae2627079619ae092fa5f7043dc99cce58d68f0be7ffec49b82260eae7fe12dc2754f131c8d184dcfc4abbd9f847550efa68823f262c9b513dda47be4f2cc38eff76f00f88101c82ae3735cc0413709ab71f08d145592f1f77cf25b9e27787f8612bc541bb233f66ffe3a61fe4f445173293e9e3922f93cf0f806b7cbf6c04cdec93d8e29f8ee6890379ba4728c2f270108ee3f707a05a9223ad98fc1a66e749fb49c508259918888536675f07ed4ddb9876b9278ad0bd2e1df8142c158306240b38152656a12ff5cab9056ca827360fd2e4fdc844fce45e939befec8d5621725769ac464454e2424e5a01068ea2d430fc8840f881a519471e446032232c3a296eb70a557624fadb8aab31117b814ffa9fda48da6471250d3a8efb9fbeed701785c86026cbab99c0b7f20c64d747131618f69f20435944b572c09789b8af2ca9abf66989fe036543552532cd879f01178166f60be3e527c1414a7cf77a03bd361cf9b24c2e9b7ce163e23959c9ef20738c30b397235310fe2ec95e785132f9ceb51dd47b5094b08eb2049abb182442da990bd69217f43ffe75f2109ea2dd271650eabd99490ece4ab028c5d462fa944433ecd73a96fda80c5778223d131fe7b4449a7c4a22eb18f6f00e80901c82ae3735cc0413709ab71f0ee14559273f0aa6d7ee8d5c567ef74e466c0bbf2524835145580a5ae71e00be2962353f5a067820eaa79747b673a8520c768cd0d319db3f008054ad828c7a25f733dbca7be8975c0dc8e3bf7d2849cd95300dc448f73fc74dafca3a95ef4cf8b35f09f201a349802d7958a17d24917fdf8ad5f86627fd8cd3dda5d67740c6ad30261544048abafda80b56e7a32828b599cfbf45ea51901b4955971a1e1acd6b14568869e92edbb84091f0b0284678381a24848ffe87671a4069490cc6bd0a49702e65bfc2193d69895a1722aefeca2c0e41e2d228f9bb5be7d939d39034185b324034b96dd732c07a7bee7d51fbc74c850416abee39087a8230bc6d7676f00000000000000000000000000000000000000000000000000000000000000000000000000000000000000000000000000000000000000000000000000000000000000000000000000000000000000000000000000000000000000000000000000000000000000000000000000000000000000000000000000000000000000000000000000000000000000000000000000000000000000000000000000000000000000000000000000000000000000000000000000000000000000000000000000000000000000000000000000000000000000000000000000000000000000000000000000000000000000000000000000000000000000000000000000000000000000000000000000000000000000000000000000),
(44, 'Armando Nieto Rivera', 1, 0x00f88001c82ae3735cc0413709ab71f0a11455921fd19fcaff0cabe0f439b3d552a3eeac059ece7a3f667ef2e07bd4d0b3464de90373782c3f9095f9d7b97711c5441a387e9c9547ab061a4e560f331734e32e4cbf46b37cf01c21a7bab775ca7482cafbb731dc8dd86e5b33f6f2c91569ffec81b0f28936b3c73f1899e6ac5c13b36ed38b3d185a5ad21a9d3936aebf60e342e227c40fb38a6ad97b9cbdf5e52e54bc9e79cf7b6daae964712fa6f46a89afff2a317c8d05a57617ce9fb98c7c0c7f063b813620b97bf34d2f62da402087096b496ca0bf80d96fc916e1a57bceeba494c7c3f6774936b4b50455ea8a3891534a4340bee7ae95deac5b5c8a14558a5ace3b8422751ef9652e04a70a56f0fc6dff635e2ae1e07b7bcb95de4bd794d17664ab2c3b615e5fda130162b726fb9ca0e8b95ea98a7e9741f98c59738cdb17f52fbcbb1e92effb5b494b571a4c74471502a986d7bb04caca61b9a5f58fb49edf7e750e92b5f21c9d776dffa35a01028bdc34e59e4f9ca0ae58822592dec0bac0f8506f00f86701c82ae3735cc0413709ab7170981455924f9d37f008c1dcda5de6aba6fe95dae66201f2b3f99f9c7d3bd31c594682aaf6de13bc12e7ae6d355b24ef39322dc10552ebd9436d4b817a54704de6508a5c51e79fafee02a5c62f2cf160096dd774ea1226afcb7754ad1c0c4fb8c93dfd02ef8607e78926f28c1c3d39fa22579c93c2c95b0da525741632ef9957b378c066b0cac9cb77084e7c5154214c5a1e49a7e9c7ee69c8da0aaf4b24db6ff2092d2cc2d3f90f22cc71bc849112f1f11988f97f9940d26dd5105ac75d61483cd80db6b341081662364ecc2cdda50240a3460f27f736643a6e391ffc44e6c834603769a1d0aa3fbf88f79b37d5240e26a91c8a315fbb3d9d6327e131feebd076612926c5d8bd5101c5288f2a027b91b81eee79a432bfd393a9326ba9d79cbd7e6257c5b5b7e0fbae92f6b33c2a860ecb45e9578b688482d13f973f09e7ff5c0b550fb2045633c82efaf2649135aae3cc89f99239ed8de301a9bb626f00f87e01c82ae3735cc0413709ab7170af1455924f3023251c7d2aa5f17403ca9a48b3e65aae8b24c920d047b7a62bdf1837e0104709f6e568081439837c1816cf25edfd58820065ae2cbd6abbe6adbbecfffca21755e1b06605318be3833803dd9e45bd74f447ec004c7460b69dcdde0b8b3f612b1398993f13168e0a222e54f7442a4844b3dad29baa3a7ae6b42f0b00ca3f37d3f29b856a7e5111800a1ccbf212090f107ff58c6d1c604cc7cd1d38aecb2e7b2b23039e98371b0c2c5f57efeb31c4b80759db4b815f2efd593cb0f3ac3e62304985d3a1a1d4a658108c22a049d67af7db16133da7cc9dbd75b1772b9cdc0c9cc93bda39101054f68274de160170489019f40eac10ee023a211a700f7a9c1e981a999ddc0facb0098ff3f6fed18b23f31627537acbc95288584c33f62c430e623af27aa47dac2649fa840fc3a9300a4465449d297d171e3c39aea2763bc65eb86eedc645bcab461ece89737ceb7a0fd838fc0cfe8c67bc40a471102d3e3d4d08187351abdb3167aafdc80442da076f00e87e01c82ae3735cc0413709ab71308714559269cd3c9058c08596c4ecd237d660235b270fca2d77c6379e391de6fa9bf1fa8fc9c02fe6b490f4dfac5c2b48682dbac4e4764f7230f3d37680b7d4df4575728e5937d4dd2e7178346647a171fa2d247cef58a7cd8918d0535571aac2baf0580ebc293aa975e2629c6db514f99fd6370fba2b4b0c95ce1f0de90b5a83678f1043f4d68ba270a1df5eaa40be7a15fbdda41e8f47ec17ccd452f7fba34dc7055de1b1c12f1d45c6c9c67d447f4a41f112c39ed81a9b6a9aa4e13fa196eaf7b9b9f96948086c45cd2e6b64ffa1352eadea772bcd0518b1617063ccb0edd8357d6c843f04dc545c481c70e9415f8fb1450180ba81a67646d15c03f2f7d2521957ed822b02057a1a662dc0ca0f52c4207f229c33b3cf2f2a737bdad2f925fbb927faba17bdb35f5dfbae5608c1571618070582f18849e6bde5614cd4f12f19e0ff2a284e9d886dc5309c251abb070a3ff7ae1b07eec7b51e4b07e40771f7cab70f763b1d8a7721508dcf093e5c54402b3a6f000000000000000000000000000000000000000000000000000000000000000000000000000000000000000000000000000000000000000000000000000000000000000000000000000000000000000000000000000000000000000000000000000000000000000000),
(45, 'Rita Maria Lozada Fresa', 1, 0x00f87f01c82ae3735cc0413709ab71f0ae1455925c7132bb362cfd2b3145de567a2a9080f8180365db2cbe7b1c1172ccc20afcc50ea0c3466f005ea8f9e7ee1f4050cb0949659bc6ee184ba25f77957af0a9ed5c3b319b8ab24f98f6c646f4117827355af6b450c332bb9daa9f7d465bdac2e0bdbabfb3e03339c7288486cfa6ea10ab8a57d3047261e60fe47922773cf470605428a1bec982736451b5875058a35077fc1aeace8b4742fe3c52d4a5c1f808a2412292e58c92aac3678ba6fdc5879e6198deeae50d11b2e17f4c783bee5bde1e04920e255c6f870c16fd51bca27ce231eb98ba1da8be8e6add2ad8dd496183ef15935af42ee0564c56f73d159b7b83909fa0efb71584e6f4a0ac20bad5404dd26adb7a1cc0803733aaca39b6078319d205c6d6aab3268cbba56612447b63fd924bfafd6447f9c45ae8765514d5639e5556502fdd7b624bef44b8883889d00f903d1c24e403165c432e912748bae19a6b8721c2492e57c6a27682b2c2ce13b72740daac3dffe1c51cc69ec5cd3ae05ebb6f00f88101c82ae3735cc0413709ab71708b145592021c9bed8f314ed8ebeecb7088b2b1d0b471bd3fc6f534653d1ca46aa7260134b4338f9dd8ebf74c021b5083a2470e60fed7a8936075fc6923663ed074bc94f5770fb41ad24c8a8df73917e44a924287aebe301d6643ed41a9bb00661d1e5c6342b8338079e4f1580667916070051bcf987921cc4b1b6883c1841e507e478c06edb46859c99d2c5089a13160c64e93a55aba3fba73496e0db5fda2feccca3f122a31e4b81878a15f774c229e3252a22e3bcc7445c0df2fcbd5fd462b4433c0d4eb78740d20c8a11187e8b4ce618497fa9c9c9ef07f3bc827e0a969406aae0b35af03aee8770d213cba0f880d476c3d08aae99bf7be599c5c490b9921d80ba3a51666cadb1efbbcd7543d17f746ce11d1e50cd938e3d0c0b5501812f8732965a68ccf2d4fe1dc3d7ab1b9415def0e87ccc8cb7fdb97fdf5ecc7015e5d1886d7598db53f5705f03cccd692f992a7bab1039140c19841671e162e6740277ecf89df2312337e024a3bb4df9ce4eb374f47e3fa6f00f88001c82ae3735cc0413709ab717099145592b7f637466216e4a5e5bb2084e74e810d024bbb7c1131c5bc5d05b37dabdf87d392ceb92e72efe93da5fc0d8fa9c56d088e2afdf7061fe0c4d938d05e4b7c1b1b6937f358400965fcf8d6bf7e7d61eb3c04abc5fd07b91de5722ffcedaa8bdbecc46c2bf92185e0275a4e308eff25d89b9a9606fafd5793d65f33ed96ab43dd3e6ee8601769f93752b8a9c6d866c3919e30ac0cdc8d25feafecf05a790fe0c8429bfb0325921e061f896c8bf8be109aa4252dc36574c5307a448a96b9b912626cf83cbad77fc0bb0b07fc7fc8c8833e8ba787f418a303d4e8b838e33ccba3c5a675650657e7037f5d4885196a892aac327a2e2c4b0945db9c53b0ac7bc6af88bd65f2f8f6b5ed2bd221370c6315656bd5e31191ce99fb148099b8f7b54a8f054d244f13371e2aeffc44c05799e0f88c5a5f500b002a391dace5b475fbc9beec1c3953ec2bb5d4a0417d155a1961e5ab73cb4af2127ea8a52ff5440ca629653ea9ea05f7c544d33d8462797586b72a512a6f00e88001c82ae3735cc0413709ab71b09c145592721b10df3c872126e8733880fd46d5030147d0b8ee56036cc7366137ae8d9809a0591a65927f11edc4ea65f25ac7a6d34696de1afe561290d024c740c15c27a6724447e9061abf7725cd324ea1ae4d6cc991ec33df9b16e366cff8f0aa65fdb3fabcc5d0768dfd8d0ae3b214fcc48f87436659a846d29422049a8f2db20e2b88b1a8d82055485c3707af3bdff335d2cd13f54197db6e8dc4c52fa5fa616579d4b29ad0eaf8f527df4bbb5c39b1db928fdb9da7bb97aa45beb91f14936ecdd45c211c7d5be10bdbbf7ab37dd631a1514ac93ff8530fc14e23309eaa4fdd57c4c8ebc9994e0bdfeca93e4fad93e36be12e911074cc19aad42a8148b40d513768a6078f6f637cdf90746f63bf6c6dbe4180d5a4070b8b1620619c3c15b6e9d9b26141f54d07e990db557f47eca38df384f76516022ee61f1e6ab8c9dfab97fb9b2b1ef8a92249b06d4fcc1893a58435f6df35c286e795b69d7568ec9618ee678af642259f708f01a94abdd82a407217b01d6f00000000000000000000000000000000000000000000000000000000000000000000000000000000000000000000000000000000000000000000000000000000000000000000000000000000),
(46, 'Valentin Pea Osorio', 8, 0x00f87f01c82ae3735cc0413709ab71304e155592a278e3784b470e4d38abcf958a37c7f71767be3c9dbedcd950961903558de9f67d225156b92f62fc086f08281d85965f618776d086574038a251ea6f9d9541eb581cb1c6cb89523868ebc7c0cdbbaaffbc74c6c99df286f4ed1754b06df096040b2bdb1523948ee46344d1c3fb9f8e86c855debdd5bd4d868f389e9d937ed535cbfc40290ae6de77dd3e5269deb41270684e3470f59f9a24f949c804139a45b04648a0d5bc99e8b5dbff14e58b3e4c01b02041742e516b3deff8d717e16a1fba6fb8ac4216adfedc4c2b5bfe90f91a3ce1643387bfc8f710dab8f873396f08a5851fd8abfc9c7a0b3835016615ba5efff0affe8adf9f0008c28b8ef5808856dc2aa3ce0c7bbc0819c1089d4f1fdbe7587e88a787729abac476f60b37c75698be5bb030e728a67663a2ec044aead58080e7d01c31a096fd0bfe82f7e4ad29e3aaa16c40dc5511a6064d82b59a0bab1e6a3d410a8f7c8cbb4698711df5311a27ea25fe92fff820da1262c62d9b94d53e6f00f88001c82ae3735cc0413709ab71f0bb145592177b4192e8a4728fe738ed17e2090baa66edcf3709dd8719429053e157f8ba04f694fe360eec7a7a07e904d8e2d795a8797ca87c3b7a92573172afe9652b4c5cd9e6931f7a149c510f8076830ab42ac0c6c6d6e3400c62ec9c875d600c91af6339a60d10f7e21726557b8d35491d47e075193baed2565c175755880b49521b7f67a297313d173e5ccefa53fd3cf1fcb11e831c287f8f7a9af343a0a6061c37174cb192cc51bd4a8240801366194dc19870713baddb4d5d49a8dd95f0ae09dc6a51aab9fe7cd42cfdf1357a58299cb64f63a550105d10ce520feb0442b08edfcfe0ec9b12e9d5834a7d05972320c0ac823ed0722ceb7cdd1f602386b6f13c305ac16a961fbed46222dc2a4e5f16813e670f4c9f5622a3ba74f7ed26e25cbeb4c5e90e992754f82bbd9668045eb3ed4fc1f37d02a30ae18258a3e3a87bb8a4eca5f2a71a6e4897b0917029f9e6a5203834da40f93dd040181c841e4b94becf04af1b6ce8cddafe258b87fe55b21e95986a6f00f87f01c82ae3735cc0413709ab71f083145592525f4caf89b0707bffe58e14dfac3dc340e46ce36784044cffee4c35713ddad613b08c91e5da03f3a5b1a3cba1fdc5115e992f19c8bb83babadcdbca4595fe94b27b34c25d5c30efcec290a22a8c830f70211b5d7d45e1312410a23da491494127e01cd5f2afa4737c61971cf0ea34d36745d0799fc3f63fae46973d769c6e99715af986964fb436d4553f8e1f85fcb03ff75791f293ebc5b4b54165b27821553d5f726ea5329399b6230bb0bfae06ff25dd519589c1485cdd1980b3e48d0851df7a155ae07ad389d303e3a638b4c4c464428fbaba48a63756167c54ab31f007fc1529ecc002fbe05083e0ae91e3b74546d6b84d8323bfe804830c22581c74a0ff4395eeb8cd4415b9647247e20510aeec551aab4f9e9416c25dee19b68d89dd321792a2f59c9c0128354fadbcb0e463be3498a5ec4e9c8d2102aa24414d5ddf0c2a2c378da56f9a3ffce7e4071928d719723d69dcfd7bc76ac7497dcce4369354a1b4eb240025afc6b841ab23dc266f00e87f01c82ae3735cc0413709ab71304e155592a278e3784b470e4d38abcf958a37c7f71767be3c9dbedcd950961903558de9f67d225156b92f62fc086f08281d85965f618776d086574038a251ea6f9d9541eb581cb1c6cb89523868ebc7c0cdbbaaffbc74c6c99df286f4ed1754b06df096040b2bdb1523948ee46344d1c3fb9f8e86c855debdd5bd4d868f389e9d937ed535cbfc40290ae6de77dd3e5269deb41270684e3470f59f9a24f949c804139a45b04648a0d5bc99e8b5dbff14e58b3e4c01b02041742e516b3deff8d717e16a1fba6fb8ac4216adfedc4c2b5bfe90f91a3ce1643387bfc8f710dab8f873396f08a5851fd8abfc9c7a0b3835016615ba5efff0affe8adf9f0008c28b8ef5808856dc2aa3ce0c7bbc0819c1089d4f1fdbe7587e88a787729abac476f60b37c75698be5bb030e728a67663a2ec044aead58080e7d01c31a096fd0bfe82f7e4ad29e3aaa16c40dc5511a6064d82b59a0bab1e6a3d410a8f7c8cbb4698711df5311a27ea25fe92fff820da1262c62d9b94d53e6f00000000000000000000000000000000000000000000000000000000000000000000000000000000000000000000000000000000000000000000000000000000000000000000000000000000000000),
(47, 'Rolando Hernandez Lpez', 4, 0x00f87f01c82ae3735cc0413709ab71f0ad14559275615d1694a3b8e8baf58636b6c7458090bd1b4d96864750a4b6ed67b4099b8fb780623d37dfe69dc8984c22f4512f61dda5e9b8ffdedb3b10c5404cb774419f726da1fcefaae705a45929abe772cdd96cd62057aed5b0a794a55101cbc328e1330124a437c861c82c85374e4d919a965541ae65f4fa38aa8fe5f4ac66dddb0d9615231aa6f7593aae237a43be780ae5f65c62211f03859ed6c2b8f0eb0ee9ff32855d83542645edc810fed1c9e36e22afe8bfab200654578a2f9cd99f555286f914b9ceb3578f2cca8bc04ae1ac2d59f4fdee33d9713416d390e40d1996e67c6fa543f36c291e5867d459b89966c5feb6a40c5c98e4c93e5eddd8acef8b225dd4200a446e97a5dc2c5d3e937a494ec188919ffa990eba7aa481fd25bd8c8510ea111bd6e92ea83facf5e8a806ee089da088e4709d87f9d32f078226615506d1245072069870ab2b9be12b480a041fba5b73353d638a6fbd7ae1464a6baac6c7910eed0eecf98884d488a98178f7426f00f87b01c82ae3735cc0413709ab71b09f145592ff4bd9d57827e36fd60d789ae4d22be9698534ac3e3de25dbb767dec032c8f5beacd85c9a0fc3fa2a95f7c89be72bbe339d45f0bc6a7166ac7f3fca2064a4296a688130b359e45b24c97ee5588e71430eae3f56a0c8b2dd4bae91d1ebeae5785bdd42090ce4ba714e0551f470ed65ba366e4800e7e07372c08d9d41084af95fbe66667d9e588355c033db958a499f7d1c55dd2b3893e5abb8ceb570d6ab5424c1d4b12047a8c2a370596f54327b41a052c1d54113cd34a059de33c6d4bcf1e62b6e9a8b1747ae8b57eca3fc3b5745f5d84f10959fd6482675f2868126ddcb49f3e8d7f31e01fcd3aa99f88ae478fdc49b80fec8dae3e8944630eb668ed4454d96d29a21ba4c07ed27eb5774571b52f588a80021b32960f31145855ca052187a6f2b83aff2ae61d9ca596c9e67d8b255c037013d77aedc97b13baf40e616272fbf9d42c00c5132a7a7ca3d29ed8392136860b8f4a800b4dbe3b02af13a7ce61393282201933dfc4b348224f6f00f87e01c82ae3735cc0413709ab71b0ad14559295debd3fe759ce514db48a5ffe6246debdfdbdf4c353d5abfcdd14680eaff3c1c7b66a4d181248e5cacf7f758e0aecb1fc9292eb8428b0c6b87f14eef5430283654e2648ddd7183063801f371b91196b4752fdfe40561f6d8a93c9192087de1876c1e18fd7324e3ed1c2a8b17fbb243b8a8d9bcff28595ac9c5934a70ada3dcaf41c887894411a63d0400fce909364c7ff190c033af6592856b080cb5bd47c1816281879d1441e135e266f25657e17c3ab493e4cd85c57143fb0704902924ead251fdcd1a7ff87deed62e1d4daa9b892ac60b0ed9d143c82ed7d7188d6924c6a0fc9967b473489b787918f464ead24c80335735b3dd3457972ffa2008c56b30a2a4915659dd463e2eb744517203eccb67852f929df6f3bdf3d786b5c62dc42b3ef522122933ace963a3d0004cc43c291b47252c39c7733e8af69d0d23e396726300e73d9d71f1932cc49a390c02b91d36493de7be5712a4d47a61b1f024d995c27e54db731cf3ccc58ee29356b8d6f00e88001c82ae3735cc0413709ab71f09a14559213b9e93ace54bfc89982f7611a2ded928940902c093282a08b81231ffc1c72940f45cb823b8b9888ddb4bdb7a855eccd295610a68ec97616658162218d5f6817490490e5227ea869da211241677a7ff0463c6f6208bcf27b8f71f6583a4137c708122f52758cdcf7ab5d2491646c3a553811b9ad7934b74e4e6fe2a3f8823b922ba021d3c57b17a5425b1b13a8df2e188c5b5b3c670938c78c8ac2db87840e569d10ab8a966b5afb0ce50fd96e02e15a7e431abb3409781a00c9c4e96e0ba6f3c3be11bb86860773f05aed943c20ce653061079eefa3e5a5c44657939ce1525174bee2889e9e2e97a46638a0e737faf1d21bc5352620f42676f63766cd4a5d856442918283628d9010a53965363a686fab57321a104aafcfc540cf511c19cc5129e42562ff0fad35e184ff98d9fc7fa5fc7ba56a586c7cda1ac6770dec026388b0e88143b373ec3ea753bd4e429acc058d5ebcc826117ee1992c6416b5cca4b64407c241f93123e723b8b092416e239e6f000000000000000000000000000000000000000000000000000000000000000000000000000000000000000000000000000000000000000000000000000000000000000000000000000000000000000000000000),
(48, 'Jesus Daniel Ibaez Marin', 1, 0x00f82b01c82ae3735cc0413709ab71f0ef14559238fe5fdbe824601bd9221bf4b87de22acdba36a4b9822b59a9058269c7be600c06ba10f43721f6a6cb1ec691b7c9fb295ef46904f793ce6dd58351c6e6a1a49e7aacd28a47c7d1f4cb0a861e0be6d9d940420d49120978da922833a9e7348b8e4fd3e57aa2043a203e0073bd4362057708c83c693708e51ac7723873362a4269743bc481c57c0fa4b011a7ea980d0ea959d5e1efe4fce87bb06c1cf18327404289da6b7ee2e7ed7578dc483b766275c2c6d69adf9a753ef0fca6aff342e09a748a909a64b76222855aa1f8df2cf3d309bb2eb98481083e3426b46969a8c37c1c834c90fa5cbd14dea9780b0a701ae3acd0c3c4f570399c60a48070e6eb7d2cd770c1889deb2ba7f48af8feee075420c32235856678c822110c57716f00f88001c82ae3735cc0413709ab71b0f1145592e6e373627b8320fcbbefdffe3fab8ab9e11bfe3fa86ef1eea0b6f104c351a769b4495f281b8b492edd9ae81bca57895e6f7ff515ff59f9ef61e9d2f6594c7c68b88bedcee79582c9767691459c93a8ff548e28bbd6af010babb562a0235de65d7a3bcfcb68807cf478b3919a5ae423beb3b5165a9f13993b55011aed226c2316c6a10c8e39a7262606b0506dded7c9f4d63e76e5583dd4c7cfc857d43efe617f2d98d09d07a803a1d8246ac8bea40ece558e6564fc70292017513276342698a89a7b75e34087441c82c6bd8b206a1c33620984e15c16f9d4cffb60bcbe247fd3f064d7c738aecc064e3c41d0fdcc39a6e42c719ded27f3ef72b275049ec82259c2c9f164c7b5502d5ed546aca1fb3fa1702e78e4d45f02ead5c09d105169548e92b02bd83030e2c4702fcac144cf884a168ccecfdedf0588ade0ac33ddf42e9c8c683f0ab2e0bb93de9b8ae190afa49a53bb72e2501ddbac638df160e8b82ba811b41518114697025da8f4f8caf8923e6f00f80f01c82ae3735cc0413709ab7130cb14559203ddb2b60f17e35e7eb03e0ff93b11f1aaf25e3318bcb134d185cd513d8ee148b4ab0552063a9614e86f6a1e9927d880f7c309ee44541224c045db720c95f2fd0b0e0248958e86a05465d409c3c789c1b19ad5a98a566195331d1d96c1e0773bb3b16c3aa6f5f7003aedfd1df77f50bc871951d282aae97ed6a11942633f3d29c85b247f1e3acf747608313cbddb59bac569a6f9d9b26d79d8a99b5316a382ece29932bf4ef132e03de96d92e180812f0e4baa94d1a4623bee7512b9e3539c33b735ac94727ac6cb4af618a997e568a9e62860049c548767a184ac4bf2628b94045c6bccdb5cebb5935617c8f8551a022c94cd1d3cf33ab0d6a5f9b9191d9f6f00e80901c82ae3735cc0413709ab7170fd14559226bb93b3579f515f2d19bd0746b1d06040e1929b072fe07a052eca491e510e840d0c9bb7f51ad085682644ddeddb9dfb530558d0097b4c243fcf057c33c370d60cd2681f9bf4828d7081ddc3231eaa8a28b1aa9935c32d2493d0dc23bd29497e2006d4ab1ea7050d04ed36a78e7fc9a247e09da1e1f0738156693ff3c2dc438ea23c3473b0fdef02ef0225db8a14c2d699b370150a2cd8237a0d18779786cde1316297f61d5234f508c3f4ea8f97906c8d518dd694a12f40474db4e208b1dd94c5c6afd6adf43251fc44e70e7957b2090b220ffdef5ef6339003ca5e80b20c57a16d22ab5f57b0fbb6afb2a1c83bf70510906d601406ac8cc36f000000000000000000000000000000000000000000000000000000000000000000000000000000000000000000000000000000000000000000000000000000000000000000000000000000000000000000000000000000000000000000000000000000000000000000000000000000000000000000000000000000000000000000000000000000000000000000000000000000000000000000000000000000000000000000000000000000000000000000000000000000000000000000000000000000000000000000000000000000000000000000000000000000000000000000000000000000000000000000000000000000000000000000000000000000000000000000000000000000000000000000000000000000000000000000000000000000000000000000000000000000000000000000000000000000000000000000000000000000000000000000000000000000000000000000000000000000000000000000000000000000000000000000000000000000000000000000000000000000000000000000),
(49, 'Daniel Avila Rodriguez', 1, 0x00f88001c82ae3735cc0413709ab71f0f514559284c60a0a84710bd8378f119b039163aaabc4954732c2d0d2a21b1f616ca12bc6c47611ee58d829d192f4f966e4344d10a8ee2b63881c2e3dce89cd8d6f10b00c0001154d9020bd663ab634ee1b794ef1c1c96bc2601f04165d3fcaaba3c3910869795fa2ef67f20e95265414821a10b16f932abbc9ba7948f801ded8b9f8e8c809eba45374565d10b6d0c052620e3f617f55e1cdb671fa6e05b43eb97d397bf5ac9e41f19dbc1d8ecac4e8a92bbb40a82ca04fc9d10addc067d2f11d1e0b0e7e49a78b2653b2bbca8e359c6e8fad4699fe3f1f62ff5c12c4533a4bf552590ca84126c432990dd2e35b7d497cdfd06d04aa25819dddc17d2978de85234abfcf11f5413e016e67b8048308a7bfa95b117c3f8c35706011d5eef135913f43b492ed8289936608b66236a93cde9853009509cb1af8f8c31ad26ee20d56b4ac017f85c88ef2cda8b33520d455f28018bb4806fd06f9feab44602b491ea06065e83f4c6d30e01c1b3fe9ae9cac00f5fde0408c6f00f87f01c82ae3735cc0413709ab71709514559274af619fc02550947856b341600c2951a4eb553c436b7be4129bdb1c1cf7f0841a0012f35ff9adfce83108f061b75ecaf558916a8001e23833053cac54ba9e20d0af78d8165f30a801649978b36f673b952440d5390ea53551ea0e08f33b40af5daef8b793221a3c5b83087d120540d325a1acdbc615b2488365f0351e524f210bdc2f76f373a33d0b83074390f0e21aa5536b9947ed96cc559decbfd3f05c2aa0fa8f4410f4353d8f6e5cf6955fb8c4e3977aba7dfa678a7253a89ca704e5b6aea2750a6a5c4b95c38ec5b3307d53bebac89abc592bc89d7659ed085748fa956a94507c124558dd0cf82a0be1efe3fcb442e2bb4d6061fbcd7f4789c9eeff612f75d954fded6aed7f2f39a7509243d50b7f87c0a668572346a6c32c43d02cedca9278f5fb1fb72caaff3188632db06e62008b5b0f61e0d03a1e3cc597d480d14b96f6480bdce387c6f6062bf2ebe50d4bd5928194a4c88f6c7a7616434b80524357db6802b53e8881c25dab3e156a6f00f88101c82ae3735cc0413709ab71f0a71455926433398ca7bf646457e1f31ff84809874be6fc32164cf88131e8c587d1f30e5de9eab24cf56c9e020155a431cd9b74f583d504f2d6440d436e1f20a27348fc7e39d92c6c288fe87163590866e63a0907ed037956c13fac605c1fc2f30e19d97be88e145aa835cb2cff976b290740623f1d8ebd23a1cc22a606261043b1306533dbe1c497a8a3762b827fd64753da9a74dc07019d38fad7465540a669da1f423462f37545701cdabea7abac410f0ac85483a03437e9fef363d1266ad88c8dc9e3a44ee3040f2b099354da137640006bb455a6e9fbb42df25523d0ccf3dfa8b5ab2629938c2b539da67343c14394c4b160b7b963b98f6fff3f8bbdd739b245a6977ce7545073191d6ce6b91c6631ae04a01f04e8e1fad9cee5a4d1000f94d92b88e7d1300b4f420262426f3ceb562e5a98359dd000c361f18e0058543956c319775418fb1fc0defb708f151cae081802dde82e0dccc886e3a714883f9520036907d87e5e6100eb324f81943536688824a9506f00e80d01c82ae3735cc0413709ab71f0da1455923d02b46d2c0fe6786cb2a09c2b0e459e9d882c8083e5118302f8874a8e3d5d8454cb0f79ef5ac374f92ce9259fa17d6f29e7257098e7c42ea55daad1f2663e7a54b1651fd939e78073b1c0ac98877f65f5da0c6fdff6da3abeb5a86ad695883f95f217b0d6dbf5047b0362e7e371c4043eb2f2096e74d7b9e98de6a782db52e9d56ec575e6235db430d28353bedeacc10dc273fb7cd921b8a9e2689041465065b766876bdc5061c3d3c9cb49270662270937f00990af08186d4e00224ed6472b2b53597ad4a25910771a91783aaa65ed0e626778c90ba981a34f7e984fe2af8ffabd994b9dab31a855d6d675558691f40e6134e6615bf4728ce00f55876f0000000000000000000000000000000000000000000000000000000000000000000000000000000000000000000000000000000000000000000000000000000000000000000000000000000000000000000000000000000000000000000000000000000000000000000000000000000000000000000000000000000000000000000000000000000000000000000000000000000000000000000000000000000000000000000000000000000000000000000000000000000000000000000000),
(50, 'Andres Garca Ponce', 1, 0x00f85b01c82ae3735cc0413709ab71f0f9145592dd3ce69f8eb84b1f74fabb3f71136a8a30962e4442b38655d2dc04d1951dfdc46756323fa294681d310651c766e8a716e776fa8e75e327ba072923d3646179919b9ad8a563c3bfce5b6ae987049a241c796e2a9aff7a969530491fe8c323af4beb1f934f2110f62abdc014604d467c1ae93810ae6ce685b82328db5cfba8deb9719e22b1724bbac0e36861c72b7fd688bed7373c53b4abe38a820277fbf002f49a00316d634f67717606fa001e42b1fae239b308045fd615535a46198596724a92891270233eb66810ce58d284e4a4ccc90cd88da58815661ffc6e9c93c89ca487449c42871694d8590c6fab64c5e0acda1abcdf7c72ddc8c311b70d4a969ea0e8ba9154d30170cf6214fa8f6245ee43c3421d9ff3a9dec439489c128de4ea980ed47ec5bfe602e1902c29a68ea6ddf01e85c76f9585eb7cd26b1d6c2ea7a7e49f43cd14fe68cca8e848846f00f87f01c82ae3735cc0413709ab717092145592d40027269b82f382cce387eec24e366dac5ba4a9d8a151716819c2549c44654bdbb014de7f00101149835ad46e7df462c0c163895d274f443b753a52d796698d68193cd067815fa47f9f0d39747b3a8b23257c4fc0612b8c44698c65bc8d4ad11e5f036e63aabaf68ae9e2128bbb9f0baef56b8c35fa50fbd6cc9ae33a99fb707f1dc244b4aca43fa545d1b8750e2e0e97a2b67b752f28b6df6f090f064f8a49c88bfa0ab0a2c3eee0703c34be53c86b3ecb33468de4ec15663d99bc9773b83ffaeac672aa368b89c6a923ed94d9fa12a1c0192fa6c164bed16e70f92cdd43ebc229221f29b4f7b6dd41cfc93fa39e2f2114cce46c19990917fb2cc65d27582561e39067500112c73e450f8ae31c9d22b40261f90a86684ec9094468fb6fd6061f8dfa3844c0a8d6c01804143cecb2c9240a478618758539eab92f6524ed7bcfb3f732a819894fb7010e13826b4ec903bd54ef5aa61ad08f3c19d2a7ca98c271528773341104bf01cf5203fab6e78a6f00f88101c82ae3735cc0413709ab71f09f145592bf6f8236725b7eda3a778cc785fcf0247b9ce71a759df81a0d70fe8e614fa68b38cdbbeeda0900c5e01a87ff40113b51ddda2b95ea636069c57a9ba6d0257c49f0b80a398c2a4b24243d025f62ef72285ef4ee489f7e77f712a4c61de9b4a45aafd9ee3e65bf7dc1ddfef59bd680169fbabaff5ea38c3d13b4cc4a11c1336b48935da03efd44757ad128afa30b7ad6d86e047646bf9384a3d853c24fb1d2f477b997a8e3663fa7c565b2052842294bb3d475377057e5c5b2292e858576fb178ebd52a2a9e59874d59b91cc551162ac91abb9e9c5f0d0041bb8f8ae8677abe2b868e3944e2e6e08f972064602da2e76fb035d97e4cef3bdc659eb52811c9fd438badd71bfd2d1c7cb3938f9c37b84c692ca6d3c75c55be5651d990ccfefc5ee18450b45819a507b7ef454aea31f5ab02a8c92b03335488728c6eb7acf3f08f866a2a6e4db9cb4c02e1a777601a7b03dbcedc27a06054f60027fac0131d6ea3f74cedaf26f2c0f30ad5fb7d414044297e1766f00e88001c82ae3735cc0413709ab7130f61455923166ce23acabb40abdcb03430c38c4ae176207e862786e2c0541cf638fbdaacb7b0df8b3e0cc7820b23bfc20d846b99edab27608837b44e8f2761d73ad5e931240483ec50f72b159ce623f36c86590f523f24689b5d7631545a495d9a45fcd30feba8a9b07be8fccd4b4a62b180ff4722672a47b3f4fd0cd7986310f858662a8fcd9b26ee1117163a2a829ca5e8ef5e2c7cc844c3220ac3dbcfaa903a6b8ee92b694edc46afb4e0aa4b5b7483e9c2ada5212905e805d0fb762f1a82a015a6e6f9db7e1696ddb3b6b5a745e3f5661079b098b97e208a62c80f625f404a7dcfe22627df8fc7279dfa617194b80e7689e1a60a3b3bd0e64a366b8c1f97c97a5d8ec274a2b1a433810cce32194e608e3a265f97005b98fc548db530b75197add796389f4db7f1354fa544b3cb4ac5b153313db427d69a73ea50fcdaa649880edda1bf79f825995d365236a414373eaf0b5a5b120171c53c05cde382eda91b73cb36eab1f082a53a9716cc4a9eaec8b720fd46f0000000000000000000000000000000000000000000000000000000000000000000000000000000000000000000000000000000000000000000000000000000000000000000000000000000000000000000000000000000000000000000000000000000000000000000000000000000000),
(51, 'Alan Sanchez Manrique', 1, 0x00f88101c82ae3735cc0413709ab71b08b145592e5b29f2950fecdc2487a2c0e1e8608cc016dab8a04684943f461125d1ea87c55fa1ec49ff998ee85c7290f6c9057a7b853f52ee9b65cc1c35c44cf90eccf75333ff3a880748a7bc6c649f1234599d472ba5d6808cd45c553ecde789b5872b59f8a6c78960684abafd63258834b9e3a5a10778279bca7b446090266578cd9060db5655643e1e9936ecabfcca7e172aa38a6f5abc671beaa9d24d219910929cef4f6db62cd89470cfc70c787de1a29da56c9b13f46661c1e36470686fabe40d03f9552f0276c56bed5ad2eecb7f78a362a206eaf09410ec3a0bce72677392aaca213f015b49dd7be6e8600b8241aaa9d220f59c6499842969864914a1c0c095e42a6fd3c433e4ec8669ae5a01f2988ae3979e7f186f1b3baa24c63521f13d5cc06704db5ca9865bad7295ed162698b363dbb63b83793f3a5f3297312e9af1089034c5dc9e1827c4640b88015794c73d08459a49c6d7f7702af3659a65e0fb56b12307d341964bb6a5c1f8f1fdd452c1aa0cb6f00f85101c82ae3735cc0413709ab7170e51455929bf4bf5064af70286715bd543ace5ddd8fa53d4887943481c3f1dc9cfdc940f81f200c1b67de088750477d56916e9cdb62c6bc99707020c839ffdcf35db8c7acc8638d7f3b1242ae9aecadd8c81b1551443e1d51035445000eb0a2e2afd667ee02d19a5f499ace8a68fbe0f7b8be5b83c7bc0bc1d1f516596d81e6957fff263221a7b5cbe3bd353f6a4f5f58babb39f2ba1f41ad90cbcba8658e1b7a1f9caef3de626b32bb55b278771eff34d8d19140e0f57157ec429da6a098ba73a7618c4e505353afbc071b4542a0b606667d400cb4ec10e10560db07c2482c72b90823b5733e4d32ece47f46be51bb167a49b2f2d13648b7e108a3cfc4163ff72bd56e82fbd63e55544775f84f20b83760490bfb5b12f1069965ce95861cd47891e7d9958e592ad4c681947c884d6642a6c839b48b767802fa3c0257b640ea5443052725ea6f00f85401c82ae3735cc0413709ab7170e3145592977787d48f8e512ef0eda4cf7fa1ef7eace6bee81c1c22c4261f2be29c0ecb76211de6f8d67af8e9488b87257bbea5cbe7d9837abb15d14a123fbc3c0fee567c9466e63040a816a0bd485327761f13af7c0863ff4d3616d875a6b5d640b4c8f4eed194a24ac29059b93ae03b2bb90b61c894fae118d9c65df5ed6c738291573618a0d10dd6d963524b1a43c4424edb98f1fc003207867ad936deac19b7b53260b72ace48f774c2fccec2817323ace6fb09adaa71621570c6ce2bea1df2db17c032caa6bb951bfa4dc35c9be8a765f1782993eec1280f819933a01057b3f47bdf1caf9ed7aa70318e983644b78786885125fe2e19247285d1ae75b86cc4239638992f7b9346617a94710ce629c9898763d13dc95322bbe7f1b838d99b84801a5de83085d04d39143a5aab256a158093e7deccc89232f515052ecbe7acc2e4a13cac935bab6f00e83301c82ae3735cc0413709ab71b0e514559284fa1241c55d5d44568f3f2898d8d516896ab4f68c9ee5872fd8be82906499e2c88cc99a1f06e7ea2ca426a4fd2fdd8b9d1a82236828301b2cfd076c8d035c54fd77c7edcd82afbb3f72602acd12b1cd417a39e3203c463c6fcb39c25021fb5499ad6857845d1ae0c66ee61365d0a9ecea0fd9471f46e5438c85c222e92099c9c8d5fa0f0e6e80c0773c0698dd0fd5fe0dd060bd87898c02a28d004a7cfb01442c6b2bd30cd34e5fc9a6614b0ae76cbbf5797309da8cd64cb5368d977db67465344dde3b733cf4dce1c6a44da0beb4f66a9f2257bb6e305ae9092139b3be8e245e3d1d9fa2f0e3cccb4da3e1edf4f80ea1a47f91aff5c540a62cc2dcd461a59d39efebdfcc7c7e4543536efe2cb07fa56b50d2e680534bfdc974a6b7084f569f3d68bc6f000000000000000000000000000000000000000000000000000000000000000000000000000000000000000000000000000000000000000000000000000000000000000000000000000000000000000000000000000000000000000000000000000000000000000000000000000000000000000000000000000000000000000000000000000000000000000000000000000000000000000000000000000000000000000000000000000000000000000000000000000000000000000000000000000000000000000000000000000000000000000000000000000000000000000000000000000000000000000000000000000000),
(52, 'Francisco Garca  Bautista', 1, 0x00f82101c82ae3735cc0413709ab71b086145592cde7d956800d6b31154d6031b3dc969b8b07d66f90ab7d2f4fe5ea72eba4d6a095b98c1a60669af6a0e8c7ec0f8e942e03e77b8a806066217fdfee41adc955c3453ae21dfafd6fccf1cab263301da73396fc4e5e286d716ec89f14ac17ef3e7f728d92e2703cfd3791e812f67e4f0d0780183d542fdcb0ec99d7e3c9483585be72786c1e28e56f2e465c17285aad410f385f390dbd3c2060ca1ceec08b02d28f3048ccfab3b28fba3cb0880e7262fddbddb66514e04bc6efc165645907a7f62e14d86f300e7632e137c65e76199d1a98a2bca178853ca84bf4a1c0359f15c77b8edc8b76b30a30f3bb341094b573007fea50961ab3a25bb00307d43eecccc34a6d63232250f7f3e98da33084fa908d6db06f00f82301c82ae3735cc0413709ab71f0f7145592b0217b02171e2ab87d0f133deaf714ebd6365df69feed124cdba9891066eb16db03191c1eb3dfa6d8d83ff64bd2e456328b1947b966c3e9b7784130530971594f85311e36982643c2841139a2fa20882ab9a23a671eed6aec2e893a854d1d1c772f4eeefa09da45689edc0bd7802d229737a4b5eaa8b3aea498b279f8efed81c0e2451adcb8ef7d5a2a49a7e8692d2936313ec9029104943bd7c4c480471a2a22bf64f142672264a88f35e72d4d814d1fb1af319d80f8cd85cdd9f30c0fd879252f11f50bcddaf0d4daf44dd67f4d836af7f3afa2e03bbaf77f5d2ebed1012d2dbe93cefe2e9a89799266d870b313d2cd03846943ca3f9f1bf62c4e00922a7641687e441ca61e0a5526a3a8fe96911b60122df6f00f82c01c82ae3735cc0413709ab7170f4145592aa2dd3a4a3710a4f5a7afcd9615a6da1481c7d9bbcebcbf5fb100630b6a662cc0a0247c62106ce7175e376ffd62cd9b1156d9356cee370ae57b80136e0de80be200e6c9288c571b10c6d469b50462444c4e4acb4fcbffff6b101bbfe5c758c61f52ed436fa3022e34765d730cc8d3518efd0cd6881a9230b486d9b6440ed0ebccc8a09c5e99144da6b42e1e7381e5b657813a938a38f651b0ff31d20c7fac1b0e88fe94924589d068fd1d9dd4590d4a24c95b65628514c4383cebfb890769bebcd7f7db4792d32c74ddfa21506d2eadd15dce8a8db7e8e327342ad6bf8de8a069db85c2385cb8e34c47062f8d41309500b490607ad3f47865ac47771f11ff9257c9cbe0bc843e09456ac3f258235573c19c5e3189e261ad23a1557f46f00e8ea00c82ae3735cc0413709ab71f0d214559266b889c9d25f23def7052b451ade0cdb1d79c3edc8837999d982c4e4828815093cf28b699f895c4e0d24437691142f37c57adb74149b5163c623fe550055e582308e9c9230b28e30641f757b1bda4fe775627145b25a635ccaba6959181ac51067568a83e8571d56d8e1d58fd5bcb0892ea0a930e467b9ce6a5e166e48ab5522b998daf346527e4bae95a44f63376426588a7239a0b612cd6935ca549e17cb2c9801a8ab5f16a0016226d5383a2af4485eb6c76b91304616817c185c99d8bc39df17d40df2bfd36a3ad564dcb3f9658847a6af00bf21b1e2c9326f000000000000000000000000000000000000000000000000000000000000000000000000000000000000000000000000000000000000000000000000000000000000000000000000000000000000000000000000000000000000000000000000000000000000000000000000000000000000000000000000000000000000000000000000000000000000000000000000000000000000000000000000000000000000000000000000000000000000000000000000000000000000000000000000000000000000000000000000000000000000000000000000000000000000000000000000000000000000000000000000000000000000000000000000000000000000000000000000000000000000000000000000000000000000000000000000000000000000000000000000000000000000000000000000000000000000000000000000000000000000000000000000000000000000000000000000000000000000000000000000000000000000000000000000000000000000000000000000000000000000000000000000000000000000000000000000000000000000000000000000000000000000000000000000000000000000000000000000000000000000000000000000000000000000000000000000000000000000000000000000000000000000000000000000000000000000),
(53, 'Sergio Barranco Velazquez', 1, 0x00f84f01c82ae3735cc0413709ab7170ed1455929161a9b88b4bd9a76decc1b4f41b25d1b1d7a4419403a63126d02551d37bf0021d1fcb0dc63933c9a3bb255698a4d9225c489060912f61e693b550db50c0a260fec8f577b9c8ed4349ad357cb7767bf23ca8c366a00189012405fab1fc08e03fd1781d9962e57b155ecee734f5a27738ed65a96c27e7a61e1f1ebcbffc677ab0639e820e858845575dc5726840a6c336ed855d2274c46c781ad5e2202b8d6e29b99c4ef785b238063ebbb9d2375016b14725f113ef6510cb25629ea3ccb780d6f010936485014001ae492c5ff0a91206b77c5f689e99ba3c3631e5d7c5a6c9319b2ed82f7ab87589131758251a294b06759fe73aed2baeec4edd339b96d44fc46c06fe3b9f9361f242e4988464e2cf5419efac00d62f2bcf967f210cb88189c11bb6971a4c9dc8ec55216102bc46f6a72d1b02f83a52fb9868cee25103b4f56f00f86a01c82ae3735cc0413709ab71b0ec14559217f0727c37ada797818d93f159137306be3e60e2f1da3737de4c5e5bb378c0cea1897fae7a4b7051e7f5ed474fb4cabece369e16e957a36bd0d10856aaa940ee39b0c469dc70ae21a9c9dc1d95bfe46f97bd142095ab18d90c6a43ddc5ab8ff25c7bd2faafc25746f6339c2222c8f31c395a2b9e72c9977587a6de34a3840f0068599aa4bedca4316b1cc37f7eee3e38441113d2ed91a7a21237640db45bfbc3a00d4abc09e7088a3d6bb2125e38f64f4de2684ee8941ca6c19b34dbd9662d66291bc3dfa00e1b339a29dcd8121d4073596a12d400b345c265926b588dd949359ec7064474baf8e2a50469c1123b61b45cdf3c9ba966912c6a624b61f1f2e03345dcb9530d60eee3a685463f903330de1c91808c149909e15df66855930cd060aa055e0143397fe5b82a5f8573bc37d3e3353568d631ee185e16ed4d525d16f258201a686eeb8c73cdf9809974cd7f990abef2c0a86239fbc85a6f00f86801c82ae3735cc0413709ab71f08e14559262fef546da1b757d6167ab48f5b74c8483b1bea20515a1c0809378893cbe0bdd7755d4e9fbc816ee158509bdba5c605d06e819d0b6d7a95d37ade13f0fa77dac6ea85ce084fd265519e6df4e739aef8ce46edea34095c845563c9c9619219bbb33a72bcd2f37343b90c4361bcebb5a2dbf1b5d7fbd9c3ed2c8ce14ffcbd10424476e3bd701dddc979ad66c985392f66063ce822d257e4c786de52e1a4fe9df81074ecac8f88d9c2e8b98f51f268f2b816ac039f6b1e8fd680e9afa13dbe0b445d2e234c550d6ad612dd50216c88c913d99d15ba3d9ec10985996f420781b95d42740a6eca792751e548eb2faf0da987b90d1a5c369ff2bde57502ddcbcfd60f41be0f59bee259c4538c938a2362743869c04f65a4fa741cce60bfa1c46e48a79db729e010630ed5ed0a4b55b36d1a125e6443caf03710f01f466ec736f09a3ee0dbfaceebd534fc4ff1167b3b2f0653ced341c99dc8c523e6f00e87f01c82ae3735cc0413709ab71f0ee1455926ff9dfc7d9995a9482f385136687df73cd839660369a91975d47d167e046551c3db16ec7fbbb3690f192b126130e5feba22d32af3e81ae95777dbf7a0eb5abe58ec3236c6cc7db93726bd80b1aa2c97c2a6832c05951a9a84492c7b509ae7bb2f266938e6caf0786289d72f2816ff2f42fe597bf79e3c12b912a0d7946fb9ef25dc4094b76ec55756f7b94c76023d1659f64fa961e7e8772a0174a90f8cf61068a40560d9b0399d6d302f39a2fdda21f1af8d97a8fc04c818c189425be77c46365f49d57abeba9b124e37bdecd30bc805c9b9794086fc141a5a5b956a9edc6b965db630d3460d5dd37ec243eff08b5608065cbda8bc165a545d9e915e75edb292b2a901f89001cf84967bd24e24e54a892b7cdea0cc803ca7ec44ca0cf7391d60c15416f57806729cfac8e515a4f44c8a429a53ad0bedbdf046669988262b32cf964a616b0032b210a7be167a1b2196da9816c566e1bbe707c779274f6bde59ccb7c620620e5ddb073813dede02c206f00000000000000000000000000000000000000000000000000000000000000000000000000000000000000000000000000000000000000000000000000000000000000000000000000000000000000000000000000000000000000000000000000000000000000000000000000000000000000000000000000000000000000000000000000000000000000000000000000000000000000000000000000000000000000000000000000000000);
INSERT INTO `trabajadores` (`id_trabajador`, `nombre`, `categoria`, `huella`) VALUES
(54, 'Veronica Lpez Martinez', 1, 0x00f87e01c82ae3735cc0413709ab71f0c11455924f99a99fa66c47404ac289d937bdd8564f06f1f1b2a4a7d5d2825da19876289569f9edfeda1256e1a8ef316066480e3f88543d102813f8cde742712b3e5d329b8cbd8e1b26954b249e30e1db6a909628cc2026def07e9e1802197fbde93c256a4f83c810d48c73303aca485eaf7d1c0fca919188eb82dcca889031889a9caa4eaba21a8875cecabc6e48bb745b97a4f7144b1d211e400e7ae97da088204eb6d62809e8db65e787373941a70fc9aec824a62025e7b430b862c0f05e3679767ca5037fcf32df6d714275354ed89502cb86c1d951190ec697f664add2db6b2cfc1e6c4b8e4c32519773801116e97bd3f7ea73bda4e55ac253930184691c9634333860e5062c5b429515bf404cf7884a3b82ac84d0a541767a2bfc83b70fe26c6194f978db8eefd40ffc0535ff870de6adeeeac619b918e9bb5f7138e2d52afac4200d02a59cdc4bfead637cabdb005063c9e8108190beb164bede08b40be7123ea7ebec7010f7f848ffaf9c2485f64d6f00f88101c82ae3735cc0413709ab71b0df145592ec7dfefd78284d20dfcf0e1e3543388532c2c1309b1599035ba5a827da78e8a41d53ebdb423b39047e3227e64f061022ca96a6bf8b985fc31be7ff9c3e621ed1b84b884a0d119f379d1f1763d02e8c5901193a69779dce2500fa948e10f3e102b72be21c3233efc76a28a4f53b86c24761823601042b988c471a1f1f49b12ae7d1a700e3ebb96d736183a6b3a28d8d40863a89e82987eef844079a009766cabfe133ec690f6e7cc2d7399f621215a686fb2ce5b5cbbc35cb3380f22103d48363ce429450e51b10afd75ba7d9fb1edca351c75732f60d3e588554a2b99c841ea076f5dd893d7f7068ada9d929be4a0ad081ed46d6a496baeac3f313b19cf35abccac0544c4d93c0bc1e2d4941c5a5c5b00ddbe97dfd67a3ccedf880e2d95fd9e57270d60613df7dce553f3eb734c1d2f12063e5226f2567f7b5b033f627967478dd22054b7df9ed16997d19ddae3478f9cf4f946933192a866a5776cb0707c75a0248ded14054a8c8f103bb5567fe6fda966f00f87f01c82ae3735cc0413709ab71b0c6145592a4bd700e5643b3745ee584cfb21895024e8ed93299a66c384c725f4593e92c01812b71ce1f021a1a3ce739160ea3600928857202d543c09a2ee554767b531b0f2c74fbd0966c5c13028e2d67f4ef6a50bab2f4c0fc0b4bfe8346e7f73210f48d74b7ee8655e13967b435fb2c9ee1e89afe8fb42d492c7890b43926272a8ab028ada16422bead648ec780dab037af7cb54d9960ffaeaccd0927e9de061d30bb628c4c9ff9db4476daacae666264b8720e787b3e46fc26ddc8e2eb89f2f3f806617c52f7999875bfaad2c8bc3cc0ba2b0e46f726cf36fda4163177b6fab84789a95f2c6171439cfab0e5b7bce17678d38472b0d9441a79e277b33b59660e8f41accaaba8b9170518be012151deaf000a06cb432a280033b4f3009a09a7c6027cbdd4ed5bee1de983bab261bbdb3928380b868a4b413f7b85c9d25c35f7a3d3cdc283467eb1f08236d30c41e8fc8267eaac78bea6b3e11c1d4edaaf9319a9ccc49f63b71b1aa45fbe68623a654221a9c56f00e87f01c82ae3735cc0413709ab71f0c11455924f9e22b3ea1df663f9368d81fb7248db15dea6b6c81396611b5a6d3a2e4430c1b979ae8cdc7957f79fd7e1baeb64a1aa2bb64d2a2d69695ebdd78ef89c8580d71481a5d80808bd35f1b8c2e6c3a1fe16375367f7bdabb8bb4b7b3ccbd45ba8e64e92927237e9b9a2873e0ba7f14a3617b52e29b650ffe57574cf934da9527c6f48ebb2407cfb19f4f3e46ace41885b9efaf0f362f235924c4ff0bbd170feb540018bf0a78701f5aeb450d93d4255bff0c1e6cd4b7c2cbfdea2d45a7c5a057c6b3f40a6d24c59cb0e4dc471b413b9d337498a09f5d89440b416878faa3b6cd299dfbdbe5494164f16d77b16d362a4bf03fb70485e7d00e9a5f1f27f6d780de164387c3b604108deb7974fcd162f6cd119e02192420e697aebf26979d6d022f30c46a5676fe56d0f83cdbc3e7f67e2707cb013f9306a92e5e7c965371e2e4710f3f284c2518b55852920dd1297ca7788f30d64ff9520788bedba7e5380fdc7fd2e0adaa1ee2b55de183032ea10489dcd6f00000000000000000000000000000000000000000000000000000000000000000000000000000000000000000000000000000000000000000000000000000000000000000000000000000000000000),
(55, 'Valeria Guerrero Garca', 6, 0x00f88101c82ae3735cc0413709ab7170f91455920b5ae9188662212f710394f266def791e424c8653f571a11297e83d725b08c0ca8068c137e3716b9216f8b132bbb75180a12e53c02d587637667f3fa2961561bfe1a0e24f95ab9b3fd1098f314e1894c36a411e387b90540d7cba8929cfa8b6516279de0a17e42f9ad689397b5d7eed13ecda9ec16361b6e34180288a20dd9f0cff387ecf316fbb9775a9202200f666c4bce8d2142196ad3295034419fc0c4812836cb2145ace1030b0b18ecd79a60c5c26469e43df70a8b5c2b585d9d529bed477c8726da3bb860de39ba77ee99f49c544b261a81653506189dbeac8955d40d24022f3f0e96b106d8025d03aa618f6f3869f9fdc8abdfec76411f374d5ef55297a5548b0f6e0c4ef6b8fb5b718679baeb379760bf38c17e26a06011a77d1eda953283ddec24ae3206b5e271a26cc49db344a4b67b4be5f2a4708c4247c6f877167aa02dd9d446bd2d92cb222819e26998785ecb1188edee73efb93b342ee216a86aa45393ee08504f172fed10686e9fe76f00f87f01c82ae3735cc0413709ab71b0ec1455926ee583ead9ac8c3f961f9f9dd60bb7466228531e9d654bc947de76fd9699a0ca95f0279c3207e63357c8fc0b078ccb00d3416a479a9d376dcea79b79d82a7bb74fe0a5ce63f92871727b1b6578dbe7b229a522b91f6ce2fbd5e28d489a8678654ebc69a9d895bc373438771fff814727a4de264d294c4c0d9239e323b09417a160933512ac4bf2ef8a13bd95b04df21b90acec7a01ddb8bbacaeb843d17f038ea03f78f1449d5685848c9158e04ac76e2a19cff0631f1d3277a4b3196c2e96dfdee59c593055af126c1785e1d8574dd2de44fcc5c52f6fbe2cae0d1b386a049ac4fb393768f220fa68556c1becadf5cca85178817d153eda52f5ac11852e57312f598329d7d24f6c733995c626f9b40b04d6cf7a89ea43f1db9a3727be5df70b5d8224ca2bac09dd7eae8c93854cea6a7ed3d4184847666c140d2ded5bd903da8350d4792560e60a2360a75612e3ce9d43f60cb579d031697fa4a5fecf084c7f2c9b83325e4d9b8e87a4a91b7110f16f00f87e01c82ae3735cc0413709ab7170e4145592472c4a9081c22d96513a86cd7ffa66a25492e2caa8369fb80e0162d95741f60c0a0ae2d912984603ecee6cbc51e7b66e8af58d27fc4922ce0884c6046bed298f4fc4bee856588a74a29dfd5177137c550a46dee5ba3954ea19e48ff44fe948e7944472db0b72e56139d25f225368b4d43c40c727b1747fc3880813c4d998eb3167ec38972981535f9ffbfe94634b67fe8d46527425d3ceb8eb8e011a54169d43bff8cc281ff1d215f3f48583a81937e1ba6afd5ce6e5e3453481bc3d2a0ac5824c0b0aac82643c90933ccf1a32342407bc12e6716ceb9aff09d226e72dea64a0c9fca1d64eec8e1e4021700676b94e7471846cf9032d69376b47391934bdb879362824bce2e4fe055b08a36b0bbd1892aa36d30ca49e3edbbda327c87e36fd4c68e44eef39446566a30bbf5c9fbef76dc21eb07b3054b1f6b8b6a770c476e5f727773d59cbe1ce87798e9d9c8b09ab16200b115e4283cf173a2b76080375630cc5d4df8a428c91e9c9a91629d9cc6f00e88001c82ae3735cc0413709ab7130f91455920df9224037370a36937285b7273909c195e06d90f830324830c6e6a99e28c3245372f28a0b19357b7ecb7096ba115aac07a4656d3af504fe09efeb8857b36d4419f84204e4778b3862a8a60cabaf7c7e491f4035d109f575ba29a369508d7e3a23cd293d90215a12c8874ea0f5705c71d83a43809df6900cd7ab538c347b2573bf938c751632a824a5ada32df5372ddb67dc8be9abbf385703954b5c0a31fc618e3b74f9823cb2b8dc8ea40774540b7b59ee9941033314a4595a7120baee92789acbe74f95c78f54598e0f708a2964c8d173c04e62994cce798c65b7ead5668635115736ac6afab3b0a0264e03be083e41f0a33b4a033926531ef2ddf8f4f06ac0fcc8bfb693650fd7b0ee4ce2eecb5dd518696ed96b745618e9505f5fbd7f77a052b7acc271c333f87220f405e6fb6e6ac30a4aa7a6524fc36c6a7019b00a0e0093c94563d5525644012241caa06d869148bc795ce8d3bbc69b42c22bc0038b4b06ba20e3add14835261923d11c3aba6f000000000000000000000000000000000000000000000000000000000000000000000000000000000000000000000000000000000000000000000000000000000000000000000000000000000000),
(56, 'Teodoro Guerrero Garca', 3, 0x00f87e01c82ae3735cc0413709ab71b0b914559238511d4737497fb1a82d50c758fcca6d4b24c6dfd44cbc3c2b438036b3789f71417e6973f1a7c73940792c6b1f655755661800930a5cec0ee33471eaedfd82869e36a305ce175735e017399c0826cbc55920344bf6258834495bb09d3fdcc1816c2b8eab8072b86514e95e8abf2dbe93d39779b930b2ac2d3559104d6bd54d486efee64975bd659ed66fa2bc8d5ed3a2812ca40b18140095b302bcf2ceb8d09ea3b30289017e87310ac879ede6d5e331895cbf18ccf8260a63f916c7850223d78d6fb0a89f547176af6198330187fd91fa522e414730c6456d7d3b0d32689afcd843a8a6ba450a8bb42ec0c252b569e2125e3834ed4df2e39b13cfbda5835b689ea977470598a485a386834ff05ca16ce3fff51375baea79b8a5403114cd8e7fe468c91adb3f1788e866822bf0e228281bcf864e8edc0da665739d991d10e6f0b632dac536e9f5c8b25c9d249ab448c77b209c067c32006c5c00fc4b590bcc69b0069cb5f2b80c66ad3570ba52136f00f87e01c82ae3735cc0413709ab71f0b11455928e8deadaf1aebb518a50217261a6ff5206e0d3fd2c4c19cff0b6a30d641d33d984fc3d149a8ab1ce6cdf09587a0076cf91917f82bc76aab57e2b7e70809f443733470f17fd25ca7ec7bf981da1f9e9957aea45452b63be303cd46814c4d679dc4b08183ee7b15a4b6677f7725edaacfa68c30ea1fe052b4b71d78b3a477654a05ed14cc9acec1eb02723633ffd388980ef2bf56dc439f58e1bb70daf2754b6c4bb877072af22face731276aaeda4fc29226246d21345cb33a6029f5915a5b5c07eb9b667fb7dac95e5ad004984d47fcc7ec3f692d4be3e0d4de54394deb1e7a809969d823700008e76d3ab69464d860c77a6de69979d8cce9941c01cef2c4528c8d1d89d61b4b627f36a231a433a46455b2ec81d8d2d5bacc34a0e7414f4399d9da75f1008a853a30f0c43d84df25561b241f13505823572811c635fe4a1734835a3d61514202be9678b6038625927d101b169d345be2ce816455c42f25315e653396c5b69a1d0573d2a540f24886f00f87801c82ae3735cc0413709ab71b09d1455928c77106e622fe095a719df3c18130aaacc7ba58168ce2d29e35b6c67f726cb6ec72c9bba0a4e6285110772a720967506a4ca193cd70a7ed44026a50c46af8e252091f21c289466ab48b70c46424530d7f4c0264c1b9f9e1f7d1c65f5bc3f27ab078a3637696e471b1ec20ac4300307f79afcd180340a9cee2f4a9641f9af357071f5b1452cab4fd4a194f8a078f1f6fc608fe2b3cf634ebaca653ab93939b1f8d8948c95bda4932a5a6047b7e587d38318994a347c30884974416376ff54a542a1fee407b6a3fb93a328c2dcc7233464286ca658a26c394c9dd1a91957e76b59b6265a1132df68433986e19bcb373474c9743d4ef19acf67743bb708a1b4cccd6171bf399c8cbffd297cefc394c7e45605276ccfd063b8b4f0ae1c194ab79fbae2ac1b72dac66263a39710103d01f8c5618f852826a3530f42beca1c0ee14eb84bfc2264374f79e32572c9f48a81c4d43b4c74088ece70fda4cd393d5be285c87b4916b9274cf6b56f00e87a01c82ae3735cc0413709ab7170aa145592e7c06a033e1da8a6ed682882fef5b851d4fc60962cd81a03321dd700b8f185c049cca8e0fbac58f0ffd41a40f62e794e3e3fc50259c38fcfcc85a7a6ef697850555e683b68f52d88bff1880450b4b8354511e9b428dadf9bab03807dea127248fb342c59bd010449a47345f2f799656846f6a8c767e0b7f4d14d3afee1587943645ee288f933e7dbc450a0cf697105c5fc94b65aa76b4ed73e71986a224dc03908cfa212546959f11f4f90e51bb9020d1d8e2e034c9eb371ec7bab140563d4bc6f9fd3e67eebcdee2ea1323cee6765ad01408b0aa6760d142db86881d9bccfb2bf5cdde577ae8e0b1422928e3ad9765c03b856bf10885475f071419567e0a25fe11807648ccd130504b29f563ffb5f0c75032cab43b0b2a88f49df51598cf57ba5461ab063ebda7a87e15df0d63d9c03e51e00c39d1ea28c65ed44ca2b3eba8a38d915e55e247d6e77aee309456aeefe6e0f828235f6225089a3921ebb046b686243dbd93fd398cdf56c6f00000000000000000000000000000000000000000000000000000000000000000000000000000000000000000000000000000000000000000000000000000000000000000000000000000000000000000000000000000000000000000000),
(57, 'Victor Luz Santiago', 3, 0x00f87f01c82ae3735cc0413709ab71b082145592a797f9561deb3709bc1e7ff3da4d920ebb2dca1486c0e1de0ce8c69b417903dd2a9daf005588e5580d2e437ed16f4030e3f22f21ca77fdc7acf15ecb6890157047c4abf3930da23d36abf49e135ce06b791859a1bf993f1a4e1df3e5aab2baf3c5a7eded4546f5af5786459947d983359461711b6b75119a31b24fa79d37928c10cea3d174c55aef042bdb06b3f9f182a369452c13f8fb69160e54c4dda25fb2f6860a5920cf7850f53668a791e01804afc4b2b35963f3a84845544b0469e54391e8e0e842674174daa1608e3055561d09a1cef174973255d248ec576ea65d2aa89a4a8bcfe41d62c2b0cd4f5c933bf82738ce067ebacc27fc2aa6e698f57706edf62d51c4b9638ff48b81191884a39fc0e3932e309277abc7e00f7613d71dcc99d876ba3ca54d9b6e05a579c9c944205022fa33d89609037e656b574881ffe6a1bd0b9f049c0715643533f2b5b2a78c2ca78a24c6a29382d1b2e27b7a9969408e3491fade41d8b8314a94f05328116f00f87901c82ae3735cc0413709ab71b09c145592700912da3380d35703e3f65e2f7a117f0d3122e8c5461f0536dfae2d833e14fa3379ca35bd6b08d8a265fd3d4f1ddd82b0ca0ad61f93de1aae15d0bba505c9ab5b9a284c5b9b6e62f3309e2cc8dce7bb6f1039a456ab79fdb5f68cfe781eed549845c84fbd879c7607b50392ff66f9ed271846ed42e1b6e3407453a6c5125c99616b2317677c90d26908f4724da01b573bafcfecb60f70e55050bd8f5aeddf89afa0b33e5a43d857d97dff0fa6df4aa874374fcb2968dac17e8becc8f2f645e75ca8ec9292044577e7f321a037157249fcf27c785389cffa765ac8952c45d3d27a007054a98a6d38157eac4c390906771fb4ed566568d073ff03c2a0413e5de2617196f9ef3cd50842fb949179351df5cf1cd28e69d1d258ba6b2a4e23eba50885f74cc84dfda049e8c917dcfe405649222076a0629d30e8ca1ed6be43c0c246be905f3328e359fb986814c82b2ded9a5e83e971f2ea5001aaceac503797dc2ac51140c94cb3d3ad806f00f84a01c82ae3735cc0413709ab71f08514559253c9594e5da52ba970bae9e2b27203982037d26e1ceecf1ce6e2c9d50856659821f72ee1bedea30f26508aa1bd42003ba1f62907ef38a7fafb53064502a516fe0f665c0dad2691ab5a7b2ded2ba1f68fe88c834e916839987554b23c816671c98e55b85f9de586c6cc9f6aeb45f159f2b34e5a314c49ca06625c4c8fe40d8d535e0460fdff0f59329bab62ee7aa17a2fe661823eb5179ec5e09b9d93cc57fcd2c5939e05f31aab8cceff4481bc5e4a6572143f821bcf18ecb1e37cc3c4d1598bb3cefb1edc6d89b0cc4a9117dbfbc59fd8cc3da5a291d88e2c91bf78595f40f5802d7eef09aafaf3b2736db707e5518ef54403435849523be1e79767a14fd234c6d7435603ec870a75a6e4612fcf11e498cdb287dbc9de48e266e25b968c44a75a7f2e7854231888ee94e22570f1ae5c492daee92f5154abfeca6f00e88001c82ae3735cc0413709ab71308514559230e552877d30fcbd9805011a6ba8caaaf74f618e85b29788ec92da1d251f3ef9de8da6d5ec4d7bbb1492f36a94661d2f3b980efe7c08db9f5e80c1bfa99ebec33127eee0b24651839e6cc488c9441a645640fe8d6aa66b31661afb9b67c4632e764e05211fd6ff556b0175420ca451214f6418f83f7ba4ac1b76a1cf7fb8d9f5254e1d8d7d909f560eaeb821e84110a1cf9eee670c2d7d8bd695fbb2478f535f66d94a97832ecf9da5b4f766f7ba479ad03cf44813475fa7ed50586f119b39ecb3be1dfb331fcddb728a31442aa7a7f0e371d1311a688a7c359b9f9b4bf1dd170373ac093fd4ec014152589e40c905442e1a34517d5fc5b39dcf242ddd438ddbdd52db6b5015b9d2b692355d1db016d6b8991da859d56acb7f23ac29cf3c08091d841c9dce1e2cb91b221729dfddc0eb1de59b9465460044dfe8160d424cc0ec8b7ae159daaab78da8710e02c3e2f956b95ded021f1de36d2ced3c860232be06ab90d6f891d1fc8ddb28b5781646c5936f000000000000000000000000000000000000000000000000000000000000000000000000000000000000000000000000000000000000000000000000000000000000000000000000000000000000000000000000000000000000000000000000000000000000000000000000000000000000000000000000000000000000000000000000000000000000),
(58, 'Jose Neria Zacarias', 2, 0x00f85001c82ae3735cc0413709ab71f0d0145592c759dff7016d58b41f64a98c646c481fb9d24f2eaa37bf983ff1c4055d5d537c76928ff86575f3be95099949b83ab0de88e98cd99eda8f05638bb9e0f11a5b80d09ff5b4a64d89c45ec2c6266e33e21793f50c64b5aa721ebf426a6491b03ddf0fcdfc7e301491c1e8b9e72c531779cb8d0b8a2dad6cd8d871f0b74a8e2ea8640d112060577fc6e5b5ad9e3ffaa3c93080c8210280c741a6be0a30257f2743b0fe034aac4934b94bbd785537066b17bf117c7bd76fa3cb84358873c4519e1fb0389c69f2ff2b79d0b3a270cd4d135f85e962a02a88f766353bc85ea924a6c5ce0cbf98d86a7dab59add0f7ed71a982481893e87ca0ea465d61973531ef0a4e11a319ce9dcb75ef582537eab1c2d6724ee6421ea68686fb791e51d6b7c4408140ca7acdc4cc1271609075ff4ebbd83f019d1bb9aa70b75c2202b99ccf3c5b51f76f00f88101c82ae3735cc0413709ab7130fd145592e672fc9fcd791fac910344b7208e3dd8e3aeb33286fa07009db3e4d3037b278d8236cc5a887325109da623ac2732e42f467875744338a034fab67070b7971e9bfddc3d0decb35cc99984edbb80ee9b499c84c0a6054b6c0c0b02eb306d8c90125fbe49f57ac1729c99022b35eabdb6217e92cd07d9cef535a5b599d45388657272f03c14fc394c24f07b2dfdd7d0f0429e1ce4eced15c29992ab518870e1fede3a2e3a216c5a0a2113ff4d63c1389c47e400541298fcf667c9fc7d3eb95fbe678a258e7fdc9e82bdde6d61b40a24270bde5e7e8cef6df9ffdbdef3327395713b9484fb8b7a2f2238f701d3163411382006be2476c4dc3f29f5e599aba6689a4741df0531f3646883bedb650c044bb9fcfd4e46c0d09e37726ad62a66baa28cc8cfdb71543ee75d15429deac9ac9193c346794bf9dbe701126a937bb2790dc00f4a5cde4d5b6997e8677fec747872d9150bd2ec988d3d84b4a827a422b9c49b32b6b99de0a2cd420bf6d4314f93e150d5306f00f87601c82ae3735cc0413709ab7130e1145592f2997c8e5a7e6407a6b80d3ec129ac0a2fd118d70c0493b89d030650bd00387224b176a9ff92e5fa0f945f5d9c719a5baca9388b3ebc00a4ad09e1222b1dfd17077a18ed1134ddb590718fc4e2e9b2d971c08a2889a8765b8d19e1e05abc9930152c7ed60d20893ebd44574dc51d89da65459c64f81881ff7cdbf1da539a35125fb6820b0c8a003901600b076a88daf9139c9d316aae7dc5d22033d972c440cb292eeebed4d68b8f9cba7e2edc4f2b8219c0e1ab729cf187f71df4ee5f82d4cfb762be66dfca90236784eab85e595cb962f505dda3043fd574bfeddbbaef7f5659b48ad6db6cafe72fedda743c95bd5b530225be5a624a61cd7da4bfa8ce5536ac75c81c031847c6f5a747ee889b918c6dadfba0fdf8f232b76e1203e480d789bc5eaae36c4e1cd9700c1927064878297df0c31395380db727d3e3be4ab09adf94c529d10cab221bed6bdd97f06c7cec5bf07ab033a7add1f0d2723cf1a6f347ae6d23acffa56f00e86801c82ae3735cc0413709ab71f0d4145592f00ba038db3a0907405a5f8b83fe561cc8282a3365fa25ad82691837c15efafe8385c0cd47e67ca1b8bda87232e6a378c2a3d7f3c81b704831628e353b0379595762a003750619e2a88d907c512a2f2660c8111162fc62a74ab64dcde908d5b816fbd53d82bfede463a826d4b135f3a7b9b3a0e3fda2aeb9a64b769bdc2f69bc58611901061db0290f42dce0eb92df1984db71168d70cc69f3df52ec5ce8c3df3695583f256421a923f13f9d9356ad8a367f67e2e6c58b7aec85bcb68b827296d2d51e3f20cb657c4a05d46f25c2590cdb460d49a4f5d37b2b54591460a8146732e97946bef74b7e66cb8003aa2b46654eeb5ec7cef7ac585ad8707847fedc24ff675827b07423916c9b0afa65ddb0ff744741a3528066154553dad069fbe5e98b09642a5f4ecca4df7f72afacce8ae39453ed7754a18de88fcdfeee07061fdd3b4b13ee445755acdca9c706d497093f3f851dcf44aa9fbb6f00000000000000000000000000000000000000000000000000000000000000000000000000000000000000000000000000000000000000000000000000000000000000000000000000000000000000000000000000000000000000000000000000000000000000000000000000000000000000000000000000000000000000000000000000000000000000000000000000000000000000000000000000),
(60, 'Mara Guadalupe Tapa Jurez', 6, 0x00f88001c82ae3735cc0413709ab717087145592a3ac7837a796e8fc4d37d0d438b16d0c31b37817a7cdf543a388aaa5cce74ea5e495a1f83bdcfa2934ed6fd78f3f38f213db068608d89e68c3a25790bca239b709d8676ae390544712e1d79cb6249c7653f44743bdffcfed1d68b0d04c8ed5813bf18d74a3f3eec21357f418e56fb7dbd65a557912898fb5ba5cf73b5ee4c73a487bbdb97888d0cc3917cee4c90c600140dbe72dab489ecb6d3146dcb1aa1ac557379496f6c15ad28e66959d1acdbeb2310b23fffae68aace2ffdd2281b0e402403b4959dabe8b415fe67f2c0392a6212562e7e03b8388071030e5c484c7a9d8d99b7192ac9eea15b9e1bf898aeaa056932f0a1b14daa9d7369975353591a615e0a57c3c2d09f382c98b8d12606ce42a2836909bf0e9513f173984e8466db6e3f6f8ce73c25c29587df82284f9327c58fb925dd32d89fdd3b681f12a154ee5dca1950610ed0ac3096e78224f98276f398493515f619a5287f1d8e9932b0b54992c6aa71ad87a8f34a7e2c131613b7aef6f00f88001c82ae3735cc0413709ab7130f214559232a27adfbc73e4c2f8a40b3563a44e91f801b41a13604234f42c3f604379d6d8db7698efacc67ae2445ff6734884b3cf401593cf32631ac9ae6ec15931210a5f39e27dc06d7e2c2a54baf8f55f519c6125725e43b9a98433ca4223bfc10d29aaf280067178ccb7117be356230cd5c46187f21be16fe6c567f6e1ee764316377f099c9a67ed8eec987629d96d82705203db582c2980c84d6a30e3234accf9f9d7e14bbb9fd1639e7361e2cd822e1aa505c3e9c3ed7bcca91e6cc038a66264b8f19e98ea0d72ea2bb61da00d6e85ebb2f23a83acd0bca7b9e92e1a02a8dcbbe54b7fcee9b3d1b50f8d9aeb96f2aee0744dcd379695b667dc1ec44221411ea819b3fefbaa117a8740ca76ebfce4193b0067f0872d993dc9cc447c988375adc5360ac6cc24fbc18b4055a9131b0ae0e9f5a20a833dff2637230accf5874a307ee0f58911bce298d4ed42990dbedc82897172b2e62f8e22338372515603c8204ebcba61cfd701b6f3826c4312b9535ade818f6f00f88101c82ae3735cc0413709ab71f0ec14559208755aaceaee62b49551aad466466d3d80f93d5934e33360191e57a2bb005fc6d29704c27fc8cd9f0531b2bb86a384954161bd6b16aa60d4e465ff476a40e9f100651570fb01f1ebc7b3104b084999798d3a82b04d68607a01e68d15431af0f85f91b21f8c3d68a9cb906a9ca163ceacef8443dc1e75a6615cb114c27733cee0c28d806343cdbca6f231de5eb64e1ebb1b7cce194d1c50b2c57efa37cfe100dbcf055a7035c550b6c9dec95c8136ef127f84eee11f3aa9b0721818992d6c1f7624fe009b1f19fc6673fb4209a62e4641abf7e81360d323bf6a2dcb6f94f9a2b76177cdb1ad01d37b6aea1bc2192d49042c6e10e55eea8e5a100d51be25618f95264cc9af301ff0a4a5cb2a988eb83a5be9232dd5d6d68ba7c56c67890f223406be515974275db5d66042966c8def4d9666fffa62633e8407b7b9677ec5c06cb1bf8fc2d50a6887eb4acea5ec3aea0a490f0ed2ca545feb91670d076f181b5bd11d319f0de63f6752c8b60722c150b44ab96f00e87e01c82ae3735cc0413709ab7170e1145592bcebdd5d823329c4dba0ad4db10c35adbe061006b6a629a49be825de8007b447e2baf62c3294ed5d6ed3093b929726d385aa37907178504c95c9cd3e7f82dbae3d5ab707053709056efe7493765f799f86b5616246ae559fa3f7eb50dc80d2238fac788cc4ebce39813418c2b9c1856b7555cbd8b5010c4cd50c6413a9def8acbff01e997ebd6607a88ab7fbb9e0b5ae5252fd66b62da5df7f3696a3981802e67ad4d4b586bfe26ca3c2171e33a99997e5c8b24b5390c662cf79a426baa61449cc11dd49b084675e560d1010ca68f1a7eddab353ef30c0d593c759ca332ea621431a1c098b7ae6c5a9e89613bb4dde1e804331838d4af0be4b9c84ef4ec5d105906179389daf5d7f8de168a6656b4e57d59325c811aeeebb34142b034ad4f8bfaf7a5fea4c0b60e59663473e56b2fb8bd9c905829d1785d47bddf2c6da8a1fa351b3357162591e2bcd55a6ab3394372e6a12afa3dca7c76d4069589850d2d489d9c24921a0bdeb8a83fb37b45d086f0000000000000000000000000000000000000000000000000000000000000000000000000000000000000000000000000000000000000000000000000000000000000000000000000000000000),
(63, 'Christian Hernandez Lopez  ', 4, 0x00f88001c82ae3735cc0413709ab7130891455928abf919fe8fa3ad18552b947d3a1af4c3a210784d77e9914e8aadec9b5320ef95716675c1674c95ce30d7a1ecb702f600af69916ff6430de976496c48f285220deb08aedd8b0e00e9e9f24c89e5c04b380cd385574cfd46a403626d1d7838d8ab36b8b1f01d55dc1439d2fecee02ba629cedb133c648ff4f02ef45879a144b8e313e2a774036aec70db2dcb770a46b520ee3cc0235363cb879b0f59497158f9b8be9569163e9c17994231ef2686ab91bd225c875bd380d6f78ba9d3f7d6fedb5da126b5c2a3e07658588058b2c82fc3f72288c260b32aa369338a9680bca4b45e91ca68352dcec51627b643f42a09559816b798deb07374b40ab222ac74228a45ddd646ba3cfadaf672fe12ee9231dfdaf4e4bf64af60bfcfa859ec3eabd85ec7550e859fe685bd80dfe18b248033271cf850302a75d084ed696393d7be151cd8bcd3f13db1010a3c936ca67a44097da92010a7260db8b1ed30f9e75b1876bd79f2d73f28e0dbb6f5b66a968c264bc2e6f00f87e01c82ae3735cc0413709ab7130ea14559242558311ec2befd9631dfcc843dd3d292d6192243f85b75f1e53a4aed04b117c189ebea6e49a1c5580e9131d29fb0d629977457bcd32be98bc281dafade514ef430bcca85130d9066596e54da406597c9e7496359692a0de9eeeb5fb4fbe94ed1cc49fc7353c27ed72a59c7b6e044807e4daac1b7aeefc32d44a7378f357c5249267941aae7792894952a3dbe53d8d0d8f148d033f7b80bb336acb976709e90fce031d218796b2bcc4ba071337590985888b190afd01bda448bdc54d10e4475aac914e46783042ad1ed4d17e2f2a7b6ac5faf48e4250e2da3be4cf73699a91a599d218e851259b04c9356093d37e7307bb39834023a665990e4762a00e330ac4e9e30dd0b149f80a6d3d35a625e4afdcb1b7edafd7b1ef62a0f308bb651e9aa7cbefa2d2becf10ad51df132007de3c791f6ab7a1d387d0663ecee4d4a8be105745697961475d676c2e135cfd7f6b8ab8276b0d60c43af5923c2e41f15112ca0b5b6b87d75130fc933d27a23a128e6f00f87f01c82ae3735cc0413709ab71b08f145592f8826f268d7b396323b5e09996338a80136d1abb43cfc764f53f4baeaceb43762fb29a88f66f5a1939659641c2c0a24ede207512fe28391324ae3a28e9c005242ebdc6c89ed4dd5eef856d9be1390ad30403f6164ef8d60fc6bf6332a2e430f121c9c4a48a3b21a5d9c96a3c988cad63f7a2a33cfb3dad31565fdb6114ee9658601df89cd3f453f7adda2e7912a7aeef9b824fdc74565d42688b7d3a169eaac60909d15ac7850da47629793cd1cb85d6d31e4f34eea1cccb38f3e00cbd3481382a17fe215007149935d932f3081475874452261e9d558f7bf7c83c1971fc6141f7cdf6e5004c6ec228be5e719aa946f352683269d65277f168b960f599bd781f7f325aca49cddb268cbf2d235fef4e0614e47ec855d3645b5639a2dba4dab928dfb9bd44eb3a77f6ad33792d5781759408ec5e832dd64c73a4ec2441730e27179379030a637920803f02421e0bc21479e4092e48d6ea50d96c248434598104a632412fefe9e2efee368752561ee9b56f00e87e01c82ae3735cc0413709ab7130b8145592b60f81ee7d44c0cda33c62929ae0625ee7ecb9612d92ce64a8ff5f7797761405447a3b6a78af13e20f3563244204946a131e05b05e3262a47a566aa82754f997b02984496d45357d9a22c7a547fd442d537ea25460d21719d6527e02ecdb4e161016d8b97ee405f4c5a1bbd20be2fdbd78787af6941ac4f6e5826f2e739630891856e6a99316bb42153891bbf4dad0d1f40a148a2bbb54389bf1bab51b4c6637b2f2b4008e2527e81f1822472397cf0f1665fcea8b6e13267bdadd4506241bf327bc48133b0c0a352675ffc22a3af6f9ee451cbcf286823055e4dbf49e292718442bbed76bba200b493c4357a516abe95da1850d3e9335ff854a7ef3c131d82d06f0cb4d4dd43fd41e5bd62d7fae75d13f3bccef5dd94369d4516a0077310bbac2c6f53446614f0e642797a91fe95f81d7f6503b805848f639338ed5efc290d84b5cad3880921b6df71a14b06d29d3965ff3e9c3a30bb8130ae4204a7c54ab21cabf51d2b46e598b6d86f5e8df556f000000000000000000000000000000000000000000000000000000000000000000000000000000000000000000000000000000000000000000000000000000000000000000000000000000000000000000),
(65, 'Carlos Torres Alvarado', 1, 0x00f87f01c82ae3735cc0413709ab71b0b2145592252df52df57982c76fc2cf26e9a8ad789e908a2ead835cff5028275f14147b40c762727abbb6f370869ccc54a6e67f10af0b8a55cfdd72aa0ea9cf398b68694f3f4af50b9ef3450d7ac007588456238e21a42eff2a99a111445d5f07eec2fa467b1d80f77326300e9bf85abe76ae44acb641f6083bace86c612fa1bff291459d3c5459257523c6fd02cb35dd70e87979e5e9b6d1fa991d6da3d975b3572dbcc64c70365397ddddec06d68c146e9859584dd7b6fc88f618c8e4c794fd3fffe1282653b973f1dc3cbd8ec95874a9b3f3e29cc0cb69479aafeb7489c927af487ea2d875e7634c4ef7e73f71c9983af7632c6dbabec33da6af4075db9eab09676579188cd53de5a1661b2bd2843e6ef75b91072de2967b2521e2223726bb23eced9c34b76f42eefdbbfd8d12dc234a5b2559be446a0c03a48bbf78f89caca472da9f2996590762a852b9f4a0f67dc0fe810a5847ab1cd40855b4acfa084ea5a06178791774e536d0a8450fca58eba7206b6f00f87e01c82ae3735cc0413709ab717048155592b93c97efd3ae404f276ca12bd3ab4dff44985c3bac334ece1daec7d15850c9fe41e67c03c207941ea89ee45b2fc13c974737f0e595938c7831d2fe818fc317ceccec797a3ec7aac45f1062b124142ee4a00d4149bb98bc2d7c4425d5ac03c8d7a694681bdbf1c69a82fc8102727521ee53dbdfb2902cda39c176bc84a24a6687256c5ee3023f45d021737eb09830c100599836a6f9f33c44d715f20894aab95d13e584bf1a57ef47386e96ca95b72fd9a15c81dcf589008d75dc18ac25ce0bde13bfd1f4d9d3201abff8eaffe33f8de15c83ac68acdeb736f841895df250211ae739cb5675f310283bb750128103f4811fb5b206c35212166b46269a8b0a0868138a47dd082e1c9d938b234a1f9794bd9c60b7bad8c257a08a4a6b48c623f46062abb1773ec082f95c2549b6b55e05037b5a69d4fa8ac5670b08887b067c9ed7546d82a7f921e186931367539dfae223719c049eef2b5cedc3091237040a6b23337643fd51b9421ad8cdb96ee8636f00f88001c82ae3735cc0413709ab71304c15559275f2a56d73374c53910141e47106bfdb1763c59cff221a066a648b2c5d69bc3d2c26be63bef1d759dbabd48533263bbe44c017add9c532c96314897bf22a22894f39aac2b36193d8614ac8867a9bd925fca5a86483599808c58f550173b2a17212b045c5a84dae00c9b5616222641bd960cc8eafb1e2f70ee6415727b4231b546ea3e8852551bf78331ef0c7890fc266736dca9fd65c713a4c14989893179ae472e91be0bb104f36f55f737a2e4b88922b85bc148431343225e6cd81a5ddce8e58d56af7ff395921d47fea6471da5cb96b280eb8d0d057285055993498e9f64757fdd2ef97476ab440cd46bc8f2bfecdbc2a863246d4de221db1ffd0674ede03ffff7059dc590fd8360e15b08b936fe361b114b06778facef19587ca1977bf926b09cf7b6bf3b809dffa5a6cf29b7b3b46df3fe756ab2daa61a3f676a0c48c29eb030a89d0baec17e8f6c93895fb1fa6fd1fba943282c626f507b655b93f785b048b20c9e3a05063579c8e81a9ba7fbf6f00e88001c82ae3735cc0413709ab71f04d155592babce4bf423f5588f960612cc37fc3040a7c02b00b61000b5a38379a2f863302a7939f5c6f32a16eceb2d9a99d4f294b2198a016c4822d81d893ede1bcf72d0bd7c2abb83978c8cb4d5d1a7c7a8c833a87949fc46a2ce515f8fa0a5a9fd6145e62d3a123f85bfc12d36cf0280d752cb2c41f958cae20a9114f60e1dcf731c29c1abd8660421c8295f871478a8a04c60f48548fad1266d98453a90336ff1f6b43dcda7127b5b01028a49eaddf9f3770e0a2fe91d8b52c7b4e49159c969ed7324731d1e4e7188d9793abe7822ea75e994ff73a35ba169af6dcd2640c86a206c9b0bee290063af0030f5b29fa3a790f0d18053a6e1711e06d970f4192b223c1b97db68cceaaec1267050afff837b240f893788f897ef6a3e07abf3c5c89db21e0b87a31ff4b0bdefe911b66d9e5556d7dc870f58ec9ba61a0d803d3babd1acfc66661f4ca1109dc42524def02d1c8cd95a8687c7b3a0896e7e250def4868d70534e9e0a049297afa38852b6316ff92ad2786f00000000000000000000000000000000000000000000000000000000000000000000000000000000000000000000000000000000000000000000000000000000000000000000000000000000000000),
(66, 'Adolfo Urbina Calderon', 1, 0x00f87e01c82ae3735cc0413709ab7130f514559272d719b8a51f5d165dc668a62cd4f5ee5b4ab43f4af557edcd314933e2e8624d592419455e5a20847586f5a6e4ce1411cbe158cb488e4007ac12a885c2fb37bc371b56eb3be06ba6a7922bbebf5b62c5213c617dc09b27eb6dbf3a1c4c64451a85bb5d2c861387333f886249bb6a1cfd1ce1f820b1727b7af92b5ab513d88120c1fa1fd3ea2f0b36459008c998a63f7ce3feae61180427a78238981288d2a701b90d19aa4fbd4bf9010175d242b4dd9183112efabf1c84cdddd8cec44310d84f282cd7950bf69d65eb5c067e8aceda67bff27611b0e951b76dd5ff2de8090c0d94004bea4e74368039747ca59a8b0a298f2ea708c2aa2b31369451ec88b7283bf61b8861cfef3eac16b51fbf845529314e899f9eeae38c70ae0641a26bd83144c2ce74e49b10c3319cd3894e18b6238106e7e964b75483425ac2b1b13a6dec8a212eabec01d631018398b5ab8009d04d148a191e924b6e93dfb78d1ac3d3e575e1c69626c216b75c03c93cf8ef556f00f87e01c82ae3735cc0413709ab7170eb14559298313a928a8e69d82d79db71e972ca44f7814072428fa30728e9ec5deb5106e62791d1ac7ee8769192fd234d9e459233c502b2ac2314828647bbbb61665ea4e6be6c74eb5524853068473d33dd3bb166b9e9cc6183b49d541c799c064768d2c3416ce1c942940b1180d7a4ade2a9a7b0664505ec50582d3575ee6cac1bb5dd6862f4ab9b068741a9c36067407299880b51046d807e2d5874f96dbf36cf745330f622af71f4cc62a312a3c4639ae38364f996805c2a229024bd0a94075644c7972d6190b41b93e09d5343c242e00fae9afcc8cb1c0221f1c5b4659b1b635f6414f772e2701afcddf631eb6f1f701271f3c03890dee0d03b163daeeb6a86a683b6d3953d242d90883cb3336a7b8221c3a61d08405cc65da4b16843f7f060437b730158587046317af4354b335c9e5d36e308a65a7b93ce7bb6ddc520d10124854de544471989e723fde884445a76bdc1b59659898dd30b7e2000db0415328d80d7a17c0a5ea0239627fdfe7609dbb16f00f88101c82ae3735cc0413709ab7170f1145592384f60fbb2981831480e19c83687e28eb8572864924f72ff686f5d0bb267603d88e655b2d0a55a9dd639688a5cde99f68804f32e152cef3ca7e36a7f5835050a6d57d3c1f38ba2f70c25ce770d16e889b32e543c099a1a556e83dd6323dedcb3c36e27c68d917099ea8215ea653cbd8a3f94edfc3260ab73dbb8fbcacc7bae0b4191b73c1e82a0987b8e66be13d420380071f1230c2d3ba75f2ce50944680e566f2fbb30cbd7b93d92a373a307eafac39a4631621b784970ef41d8dc41bba98074e87702359f6c83c586d02feff247cd7595681c6bf46d57ef9fdbbf33de012ebf941749ba54df942d98071eabd72193358de7d9fb0c30483d472121ff7ac3dab27c94c797510c02a0771c12d0e2cfaa8d361d0bfefda4eccc03cecd97b98e268eb4057ffa50a827fc98583b47a2b6dcffb75295d2bd64ee5f7234fc975956b5a7d87b7a597b75d8d8c3ae8e98d14fc1e7e0189f9d452612d19e624d2365b04a78f6c74048c544e9a94c5b4585e949dc7c6f00e88101c82ae3735cc0413709ab71f08c145592c59d7d696449576e05f9fbcb610b8f341862fa9b19c5e454fbf5d180da32c575254e4f0bfc33ee97a23e52808757502b48470f06445358f5004d0fbd6ad3013e875207606b179bfe19b434286eadefdff7837a7ecb7db4141ecc01d4e7139f5f5bbf740ab4eb16387bfd11acb4bc9716e720cdedfd6fad04bc710c83918f370af91f2799ce96d8ef0a27d2681278b8a7002c65e08d8bfd0437348a28c06ab2d4fd7d73a64e621be6efad8dc4b77baaa57ad67d7293b4ee145c29234a27cceacf0cfa0b3ce9948fa38b285cea8d76682ea53b748e26e70aee883d966e3e563ef52bf85e9673ba85a7e40a9ccd7de32a03c512a59399b49597e06a363e9748f39242f8e07951e90b5f3632157f821c456bc32e73cc4e382316286d6de407f74e1b779b8419e99bb42f4dd5c01655f0dd5fd7bd6625b42c9896258911f3302cfca077b218ea5b9c02dcf561dc5d0a1976577ea077886dcac7a13d22b613ad7954fe64bad14e63a5c956bd76e7a7b940255dff6f000000000000000000000000000000000000000000000000000000000000000000000000000000000000000000000000000000000000000000000000000000000000000000000000000000000000),
(67, 'Jesus Velazquez Urbina', 1, 0x00f83901c82ae3735cc0413709ab71b022145592284ef5d3edaffb33b7aef4f4775227c979051576bc95c3e71c6b7de935c339138d6cdd16c2af18d05de4e354337360b95321cf532df950bacef711e1523f07634bdc28e9afb5b331b73e4db0cd661fb5ac2d9ec0d94c2a59f835698984d748383e90e906aa6da37813b1ef1f6780ebbb2bec2a7f140d9826219f26139d77195ac10412152da3f6b2c794ecf29a3c5a2d0c91156c4a9cf6b1fa5e42fdfc8c87b5cea16709d7a384d940413afdcd94364b0bc412710b7821f8c22525a7cf898706361c72eeb459a57ba8d0df0ff164054b5bd08454c188692a94e1d078a6b95318273c07db63636bad25265154e4ba4cd2d99a65a1e4917cf0621e037a3af541d1367e4815758b91a4bcf036cab09f9a672ca0b578da34609faa5766f26b311425cb8fa5b0b3c71cd9b66f00f81201c82ae3735cc0413709ab71703d1455929b996a5a7280e9084be1c723a01897d52f2e7f084c30a7abaf9ebec486b06a70281532628903f64bb77e6aa34e79ced5f417233867f6d9b3a58523e51abc986717a9fb6908c619d919244cdcbebc319ee06e95b958c642699e2d91335480f8986aa0c0dcfd3d0f98c89537d5dc5dc5242a9ed8afadb37b5396426acc74df5a59843627fda4bdaa467e28757e9e59a89105025a048b9dad269bfd897af62d8378447370d34d6d9d1384f18dd98ff3bf945ac5f37f813c3074aea14eb90fa0d5b6621b24bafe98ee46d442168948b9943ea01e2a9184cb53c8c3ece53ec14ba30d110a9446deb2600c5a4a1eae8375907a6b0c0cefda044ae5ecf3612e8ded6e382ffe6f00f81301c82ae3735cc0413709ab717034145592bf827ff5fe97f53617734afdcf7f45828308dd3a20e0768e34e0094a658652cee020a1012b872aee667b88ba7c4c600e79420c7bc9e4731dcb2a7e62263cd8dbdbb0c919887a0641ba2edd3cb3fd9bb1be97a5e5e6357687b3c32aac6dd02a82139c1baedf6adacf5421a51e758ce26bffb20848b2520708b22d73449fdf2acff6807b2de90595c937723f7b181bfb5df68611dd95a754ef91bfa6d8de15ee60c491cea0ed22ffd4a542b51428308fefc80713e4fbaaa47fbe0e0277b3c7cb69e250f49e223c000857825f457b1a28472efbd41f71e42826fd527e1cae5620df99efa8f9fcfbc11b29fbaa5150dadb07b4286a3f95c1c93c16ee9ad2a0b492a6b03bd56f00e87f01c82ae3735cc0413709ab71f0df14559234ff11de4f0f6a29cd975aa73e615853e34be2392983e51b426cad7696d585ab723d39e250dbcf80f505ac57bba7d6fd2b97d3eb33f1587b4fb6cdfbf18f1fd14d3ff27054ee61e88397afce5dbd3ad3248a89cc012de4c3441c09431770ea3ab7f735d95abaa7d57995331807bb7b009ee9738b90c869e4a79b5fd8c5e2494d3bc377784bc863dd4be451fdb2c63a6fd765477b652e75d3c9ae71015a9af37504354301c702531193065d04f414c82cddd193cdeb4a9c353529aff6de3465d8b3df54199f36ff2ded867cf2c6c86deb4ba7a6ee664767e42736d64a0f15674566cc65662c0d6abf3ae3b068dd6d5459180578f096ebb3ef7274ad6311ef0ab8c9b0b1088166b224c500754c108f84674793e296472f3f25cf1eeaa3cbdd49812f53786af20933a8b30cf002819295756a1b419a851570f384b595db6770f4f8d8cf56e8d56361c51e15d74ceda7db3444798c4e570388836244d7e79b972fb58a3517ba1b2b4aa7e6059cee415ac46f00000000000000000000000000000000000000000000000000000000000000000000000000000000000000000000000000000000000000000000000000000000000000000000000000000000000000000000000000000000000000000000000000000000000000000000000000000000000000000000000000000000000000000000000000000000000000000000000000000000000000000000000000000000000000000000000000000000000000000000000000000000000000000000000000000000000000000000000000000000000000000000000000000000000000000000000000000000000000000000000000000000000000000000000000000000000000000000000000000000000000000000000000000000000000000000000000000000000000000000000000000000000000000000000000000000000000000000000000000000000000000000000000000000000000000000000000000000000000000000000000000000000000),
(68, 'Beatriz  ', 6, 0x00f88101c82ae3735cc0413709ab71f0ff1455921f280332b8766f2b7ee29290ec65371a6f072386c59418f171ab0c35ecf616953b04034177281db90531760657631e4d630a011272431bc32a74dd61d688c97658a4b11da8e8e37f98ff9fa314f29b58c9df2e32e9914a82de622b25912181f7f0b2365d8498053743b89a1cdee2d58a6cd47f3f9285703937269a5e43a4fd0a195c8cdb9b491ca2cde446bb8a56873725a3d4ca98d1eea1536622b5f2b94ff5b06f1a79bf23159ecf66c67de4394694042b1746e6f39976f6c974fdad3e903aeb15a3cada940d4bb9c8867e9d7a012f385581dac70a9f7205f6826f81d9335e499b1c077a8e4c548d4a7050395d8e0bde00a203da3cc288ebc1cef29553aa74b9684da5690356f25ca79b76ce4317d2a4090ba781e7816a7775859784f2ab3c6113d1c3d99be8ebf54ab453622c8699ba2df0e750b51e3a32d8513e28d3aaaed03fd0aa61712573f54628e1fd552090b93fd617beef56c2a33b5210486a048e9b323ae9e0b403e8f157ea89a02fc902366f00f87e01c82ae3735cc0413709ab7130ee145592cab898bec54e64c409fd0f3508448e801ff6caf157047a183edf1376e67e33ee262e7d301f19fdfe8deb5298cfae52ba859eb24b1736e6046736fc12f086c2caf41311c9a08f4e5135563652baf127e2589291e26dc06847cee27c934ea4d547e6f35207e709b243905c0c954a4f31ee32dd3c1bd1bbb260f0f9c3203f15e8d4b01fc569201749704e1d71db889d76698b2dae061049c756c203a2a73905db89d0cf08dd888a3a3898204f01bc471fd057cf1095c5bbeec5a44aba9fbc73795178aa998ed329e19e3bee13116c3eb146bd3c1fdcbec41f842abe174f98ed9bc126f8bad1dcc664950978f88f88eb55328bd861518cc3c6f1736d0ceec12a499303b14a7364883b7c36048b6d23b5dd8b56f550b0ed6515b2feea13332894614d5f58ec5699515ddf2430a5ac4e93376a4d7a9f606727fedfd11e8a50d5633610e25230f3383169fa8c11325a58d67c2be2a29eb86a16c0e626c52c1c47d9aeee40c649de398454ccf2031dafce576f00f88101c82ae3735cc0413709ab71b08f145592f89029bf7d7180607524845c1e723e400b7ec241b7803c5dd82334cb3c9e3c06d8eeebfddd4af173402e850d03f3ec7b20c0edb38e5d0be1bc16a6609592234ea9e0e027948456c3d1cf9bab42790ff8e03d8309633d76699cf4493a7236c403a6b29d9f54862c29a30df22ae17c4915705677333b001b2a6993296ee4c552f6a2638b060f7d86b56e81d13181f2b6207971e798f7f5ce87c939f7f26cf78e00a4a05c0b1c0f9ae341e20c0e8916c6e6c0f4abc7917c155d03fc7208021ae46dd905a2254defbe005e72d0cfa5b6d1e34bb41bb9e75416b31265fe8e70ebdb69ea2684895ba56270aa0fedb0332b17b404a13f14ee14b5ed5d0b511c46dd58b5db2bc2a785c4f7683fd6154c57a124834f1d3a4fbdcfd1178d2255842f92e874d0828a341b2604a3c284e75839f6678f8c73df25c76e5d5f61ceef9477f9bcdf3a4e6e1714c6d997433d68994ef77a07d26ac1d80627d47396b5720c7ea5e385f8fed5efb468e4742af49e07249d70e6576f00e87e01c82ae3735cc0413709ab71b0eb1455924223206975a7794990a2adc09924ddf8832a0d82bf5db20a2a83a3f59ff1423d09a0df618d6fe23e7df45eda13c8e683ce902f309750196820d052c56efda48f61e80a9aae92fe8b7868d26fa8608e029e8148c6cd284512d7142610513829324ea91b91931f2486be2b635d3aab1f9e8d8c5fc0090cc6d5615b6763840b704fecf0dadf5d7211bfe8f68a4b3795d7d9fea70959fa5cd026d115f928afac082e1674c4255b8b8c714eccfa18cc503892730aba5d8556a17c94d09c6432eb00392d029cba46588083ca4f6f7ee421b9055edcbad0dac6850d8a12ba0fe2e260d11a692b4e7a35feba786f47cca49eafa3e8d1bf01a008b9d0a4cc51ecbbb6108c370861a3ab9bd9cca7a18141f1561ee15d1b0e885184a68ddeca6d4e5b257c65feeb13d8f83742675aca73856a71e7da2284d6223380dcef6d270f66301f22a3590323ddebae787a4e1653f5bd645fe70a0b177c43de852efb69caab70fce87608c0de9b07ae9313ebb705efcbe16f000000000000000000000000000000000000000000000000000000000000000000000000000000000000000000000000000000000000000000000000000000000000000000000000000000000000);

-- --------------------------------------------------------

--
-- Table structure for table `usuarios`
--

CREATE TABLE IF NOT EXISTS `usuarios` (
  `id_usuario` int(11) NOT NULL AUTO_INCREMENT,
  `usuario` varchar(45) NOT NULL,
  `password` varchar(45) NOT NULL,
  PRIMARY KEY (`id_usuario`)
) ENGINE=InnoDB  DEFAULT CHARSET=latin1 AUTO_INCREMENT=15 ;

--
-- Dumping data for table `usuarios`
--

INSERT INTO `usuarios` (`id_usuario`, `usuario`, `password`) VALUES
(11, 'Gregorio', 'bruno'),
(12, 'Cristina', 'cristy'),
(13, 'Pesadas', '123'),
(14, 'Empacadora', '0812');

-- --------------------------------------------------------

--
-- Table structure for table `ventas`
--

CREATE TABLE IF NOT EXISTS `ventas` (
  `id_venta` int(11) NOT NULL AUTO_INCREMENT,
  `id_cliente` int(11) DEFAULT NULL,
  `id_tipo_carne` int(11) DEFAULT NULL,
  `peso` float DEFAULT NULL,
  `total` float DEFAULT NULL,
  `fecha` varchar(45) DEFAULT NULL,
  `num_piezas` int(11) DEFAULT NULL,
  `num_cajas` int(11) DEFAULT NULL,
  `peso_tara` float DEFAULT NULL,
  `precio` float DEFAULT NULL,
  `lote` int(11) NOT NULL,
  PRIMARY KEY (`id_venta`),
  KEY `id_cliente_idx` (`id_cliente`),
  KEY `id_tipo_carne_fk_idx` (`id_tipo_carne`)
) ENGINE=InnoDB  DEFAULT CHARSET=latin1 AUTO_INCREMENT=15 ;

--
-- Dumping data for table `ventas`
--

INSERT INTO `ventas` (`id_venta`, `id_cliente`, `id_tipo_carne`, `peso`, `total`, `fecha`, `num_piezas`, `num_cajas`, `peso_tara`, `precio`, `lote`) VALUES
(1, 86, 5, 5.6, 190.4, '03-12-2015', 3, 0, 0, 34, 330),
(2, 86, 7, 814.4, 29318.4, '03-12-2015', 191, 0, 0, 36, 337),
(3, 32, 7, 487.2, 13641.6, '04-12-2015', 133, 0, 0, 28, 336),
(4, 32, 7, 244.4, 6843.2, '04-12-2015', 60, 0, 0, 28, 337),
(5, 12, 1, 615, 25215, '04-12-2015', 60, 0, 0, 41, 0),
(6, 39, 1, 45, 1710, '04-12-2015', 5, 0, 0, 38, 0),
(7, 12, 3, 7.5, 465, '04-12-2015', 5, 0, 0, 62, 337),
(8, 86, 1, 52, 2184, '07-01-2016', 5, 0, 0, 42, 0),
(9, 59, 2, 100, 1400, '12-01-2016', 10, 0, 0, 14, 100),
(11, 9, 1, 178.6, 7679.8, '13-01-2016', 20, 0, 0, 43, 0),
(12, 24, 29, 5, 250, '13-01-2016', 5, 0, 0, 50, 9),
(13, 24, 31, 28, 980, '13-01-2016', 7, 0, 0, 35, 9),
(14, 24, 30, 5, 250, '13-01-2016', 5, 0, 0, 50, 9);

-- --------------------------------------------------------

--
-- Table structure for table `zona`
--

CREATE TABLE IF NOT EXISTS `zona` (
  `id_zona` int(11) NOT NULL AUTO_INCREMENT,
  `zona` varchar(45) DEFAULT NULL,
  PRIMARY KEY (`id_zona`)
) ENGINE=InnoDB  DEFAULT CHARSET=latin1 AUTO_INCREMENT=6 ;

--
-- Dumping data for table `zona`
--

INSERT INTO `zona` (`id_zona`, `zona`) VALUES
(1, 'SAN JUAN'),
(2, 'PUEBLA'),
(3, 'VERACRUZ'),
(4, 'EFRAIN CASTRO'),
(5, 'OTROS');

--
-- Constraints for dumped tables
--

--
-- Constraints for table `devoluciones`
--
ALTER TABLE `devoluciones`
  ADD CONSTRAINT `id_cliente` FOREIGN KEY (`id_cliente`) REFERENCES `clientes` (`id_cliente`) ON DELETE CASCADE ON UPDATE CASCADE,
  ADD CONSTRAINT `id_tipo_carne` FOREIGN KEY (`id_tipo_carne`) REFERENCES `tipo_carne` (`id_tipo_carne`) ON DELETE CASCADE ON UPDATE CASCADE;

--
-- Constraints for table `permisos`
--
ALTER TABLE `permisos`
  ADD CONSTRAINT `id_pantalla` FOREIGN KEY (`id_pantalla`) REFERENCES `pantallas` (`id_pantalla`) ON DELETE CASCADE ON UPDATE CASCADE,
  ADD CONSTRAINT `id_usuario` FOREIGN KEY (`id_usuario`) REFERENCES `usuarios` (`id_usuario`) ON DELETE CASCADE ON UPDATE CASCADE;

--
-- Constraints for table `pesadas`
--
ALTER TABLE `pesadas`
  ADD CONSTRAINT `tara_fk` FOREIGN KEY (`id_tara`) REFERENCES `taras` (`id_tara`) ON DELETE NO ACTION ON UPDATE NO ACTION,
  ADD CONSTRAINT `tipo_carne` FOREIGN KEY (`id_tipo_carne`) REFERENCES `tipo_carne` (`id_tipo_carne`) ON DELETE NO ACTION ON UPDATE NO ACTION;

--
-- Constraints for table `precios`
--
ALTER TABLE `precios`
  ADD CONSTRAINT `cliente_fk` FOREIGN KEY (`id_cliente`) REFERENCES `clientes` (`id_cliente`) ON DELETE NO ACTION ON UPDATE NO ACTION,
  ADD CONSTRAINT `tipo_carne_fk` FOREIGN KEY (`id_tipo_carne`) REFERENCES `tipo_carne` (`id_tipo_carne`) ON DELETE NO ACTION ON UPDATE NO ACTION;

--
-- Constraints for table `ventas`
--
ALTER TABLE `ventas`
  ADD CONSTRAINT `id_cliente_fk` FOREIGN KEY (`id_cliente`) REFERENCES `clientes` (`id_cliente`) ON DELETE NO ACTION ON UPDATE NO ACTION,
  ADD CONSTRAINT `id_tipo_carne_fk` FOREIGN KEY (`id_tipo_carne`) REFERENCES `tipo_carne` (`id_tipo_carne`) ON DELETE NO ACTION ON UPDATE NO ACTION;

/*!40101 SET CHARACTER_SET_CLIENT=@OLD_CHARACTER_SET_CLIENT */;
/*!40101 SET CHARACTER_SET_RESULTS=@OLD_CHARACTER_SET_RESULTS */;
/*!40101 SET COLLATION_CONNECTION=@OLD_COLLATION_CONNECTION */;
